Metro-Area,State,Census,Estimate Base,2010,2011,2012,2013,2014,2015,2016,2017,2018,2019
Abilene,TX,165252.00,165252.00,165585.00,166634.00,167442.00,167473.00,168342.00,169688.00,170017.00,170429.00,171150.00,172060.00
Akron,OH,703200.00,703196.00,703031.00,703200.00,702109.00,703621.00,704908.00,704382.00,703524.00,703987.00,703855.00,703479.00
Albany,GA,153857.00,154033.00,154145.00,154545.00,153976.00,152667.00,151949.00,150387.00,149137.00,148090.00,147840.00,146726.00
Albany-Lebanon,OR,116672.00,116681.00,116891.00,118164.00,118273.00,118405.00,119042.00,120236.00,122769.00,125035.00,127451.00,129749.00
Albany-Schenectady-Troy,NY,870716.00,870713.00,871082.00,872778.00,874698.00,877065.00,878113.00,879085.00,879792.00,882158.00,882263.00,880381.00
Albuquerque,NM,887077.00,887063.00,889558.00,898016.00,901939.00,904953.00,904538.00,906026.00,909237.00,912311.00,914947.00,918018.00
Alexandria,LA,153922.00,153918.00,154096.00,154402.00,154400.00,154623.00,154558.00,154082.00,154124.00,153549.00,152762.00,152037.00
Allentown-Bethlehem-Easton,PA-NJ,821173.00,821273.00,821923.00,824930.00,826144.00,825731.00,828470.00,830295.00,833163.00,837921.00,842626.00,844052.00
Altoona,PA,127089.00,127117.00,127045.00,126970.00,126544.00,125836.00,125274.00,124596.00,123708.00,123147.00,122503.00,121829.00
Amarillo,TX,251933.00,251935.00,252664.00,255975.00,257802.00,258896.00,260812.00,261618.00,262987.00,264331.00,264406.00,265053.00
Ames,IA,115848.00,115850.00,115925.00,117424.00,118139.00,120161.00,122092.00,123079.00,123309.00,123721.00,123093.00,123351.00
Anchorage,AK,380821.00,380821.00,383053.00,387922.00,391932.00,397022.00,397996.00,398609.00,401368.00,400570.00,397636.00,396317.00
Ann Arbor,MI,344791.00,345163.00,345717.00,349753.00,352303.00,356040.00,360021.00,362975.00,366135.00,368807.00,369483.00,367601.00
Anniston-Oxford,AL,118572.00,118526.00,118408.00,117744.00,117190.00,116471.00,115917.00,115469.00,114973.00,114710.00,114331.00,113605.00
Appleton,WI,225666.00,225667.00,225948.00,227548.00,228656.00,229978.00,231627.00,233146.00,234200.00,235811.00,237011.00,237974.00
Asheville,NC,424858.00,424863.00,425338.00,428113.00,430945.00,435795.00,439661.00,444593.00,450310.00,454855.00,459314.00,462680.00
Athens-Clarke County,GA,192541.00,192567.00,193439.00,194375.00,195984.00,197590.00,198361.00,202565.00,205402.00,209106.00,211468.00,213750.00
Atlanta-Sandy Springs-Alpharetta,GA,5286728.00,5286718.00,5302598.00,5366462.00,5444473.00,5510530.00,5593204.00,5686048.00,5787965.00,5872432.00,5945303.00,6020364.00
Atlantic City-Hammonton,NJ,274549.00,274525.00,274648.00,274621.00,274629.00,274314.00,272578.00,270153.00,267217.00,265498.00,263989.00,263670.00
Auburn-Opelika,AL,140247.00,140287.00,140794.00,144130.00,148567.00,151809.00,154511.00,156954.00,159168.00,161440.00,163656.00,164542.00
Augusta-Richmond County,GA-SC,564873.00,564893.00,566694.00,570849.00,576206.00,579802.00,583046.00,589574.00,595029.00,600276.00,604221.00,608980.00
Austin-Round Rock-Georgetown,TX,1716289.00,1716323.00,1727502.00,1780535.00,1834586.00,1883315.00,1942467.00,2002134.00,2062016.00,2115475.00,2165497.00,2227083.00
Bakersfield,CA,839631.00,839621.00,840996.00,847970.00,853606.00,862000.00,869176.00,876031.00,880856.00,887356.00,893758.00,900202.00
Baltimore-Columbia-Towson,MD,2710489.00,2710598.00,2715738.00,2733785.00,2754637.00,2768233.00,2780055.00,2790053.00,2794111.00,2798707.00,2800743.00,2800053.00
Bangor,ME,153923.00,153931.00,153861.00,153759.00,153347.00,153222.00,153201.00,151929.00,151333.00,151645.00,151817.00,152148.00
Barnstable Town,MA,215888.00,215880.00,215899.00,215356.00,214788.00,214518.00,214289.00,213877.00,213559.00,213581.00,213471.00,212990.00
Baton Rouge,LA,825905.00,825917.00,827629.00,831493.00,836197.00,841986.00,846827.00,851167.00,856723.00,854295.00,854526.00,854884.00
Battle Creek,MI,136146.00,136150.00,135951.00,135105.00,134737.00,134751.00,134804.00,134327.00,134344.00,134180.00,134049.00,134159.00
Bay City,MI,107771.00,107773.00,107679.00,107417.00,106967.00,106794.00,106046.00,105237.00,104411.00,104045.00,103702.00,103126.00
Beaumont-Port Arthur,TX,388745.00,388749.00,389251.00,390905.00,389614.00,391195.00,391651.00,394825.00,396539.00,398129.00,393815.00,392563.00
Beckley,WV,124898.00,124914.00,124949.00,125266.00,125110.00,124356.00,123342.00,122070.00,120475.00,118673.00,117154.00,115767.00
Bellingham,WA,201140.00,201146.00,201545.00,203490.00,204863.00,206073.00,208154.00,211836.00,216417.00,221410.00,225197.00,229247.00
Bend,OR,157733.00,157728.00,157742.00,159660.00,161359.00,165299.00,169512.00,174246.00,180666.00,186744.00,191905.00,197692.00
Billings,MT,167167.00,167165.00,167571.00,169017.00,170942.00,173367.00,174952.00,176357.00,177759.00,179365.00,180203.00,181667.00
Binghamton,NY,251725.00,251724.00,251489.00,250238.00,248945.00,248017.00,247075.00,245283.00,243322.00,241709.00,240366.00,238691.00
Birmingham-Hoover,AL,1061024.00,1061039.00,1061717.00,1064030.00,1067563.00,1072882.00,1076087.00,1079752.00,1082877.00,1085615.00,1087967.00,1090435.00
Bismarck,ND,110625.00,110625.00,111112.00,112865.00,115679.00,119240.00,122155.00,125325.00,127233.00,128115.00,128279.00,128949.00
Blacksburg-Christiansburg,VA,162958.00,162960.00,163131.00,163442.00,164120.00,165240.00,165688.00,165725.00,166572.00,166605.00,167492.00,167531.00
Bloomington,IL,169572.00,169577.00,169810.00,170909.00,172721.00,175037.00,174105.00,173141.00,173070.00,172754.00,172410.00,171517.00
Bloomington,IN,159549.00,159535.00,160132.00,161722.00,162852.00,163221.00,164422.00,165073.00,166655.00,167429.00,168092.00,169230.00
Bloomsburg-Berwick,PA,85562.00,85555.00,85657.00,85449.00,85472.00,85592.00,85538.00,84980.00,84390.00,83851.00,83455.00,83194.00
Boise City,ID,616561.00,616566.00,617866.00,627670.00,637425.00,649224.00,662624.00,674640.00,691285.00,709682.00,728911.00,749202.00
Boston-Cambridge-Newton,MA-NH,4552402.00,4552595.00,4566348.00,4609790.00,4656593.00,4702877.00,4746931.00,4778340.00,4809061.00,4841772.00,4859536.00,4873019.00
Boston,MA,1887792.00,1888025.00,1894717.00,1913107.00,1933463.00,1953625.00,1972382.00,1986314.00,2001862.00,2016866.00,2024799.00,2031884.00
Cambridge-Newton-Framingham,MA,2246244.00,2246215.00,2253142.00,2276355.00,2300205.00,2324767.00,2346646.00,2362297.00,2374511.00,2388396.00,2396653.00,2400733.00
Rockingham County-Strafford County,NH,418366.00,418355.00,418489.00,420328.00,422925.00,424485.00,427903.00,429729.00,432688.00,436510.00,438084.00,440402.00
Boulder,CO,294567.00,294560.00,295037.00,299957.00,304570.00,309323.00,312233.00,318027.00,321250.00,322441.00,324636.00,326196.00
Bowling Green,KY,158599.00,158613.00,159341.00,160985.00,162450.00,164653.00,166630.00,169507.00,171902.00,174981.00,176864.00,179240.00
Bremerton-Silverdale-Port Orchard,WA,251133.00,251143.00,251681.00,254297.00,254339.00,252401.00,253387.00,259232.00,263142.00,266289.00,269276.00,271473.00
Bridgeport-Stamford-Norwalk,CT,916829.00,916904.00,919355.00,928000.00,935099.00,939924.00,944196.00,944943.00,944347.00,943038.00,943971.00,943332.00
Brownsville-Harlingen,TX,406220.00,406215.00,407630.00,413201.00,415877.00,417357.00,419005.00,419450.00,421350.00,422227.00,422139.00,423163.00
Brunswick,GA,112370.00,112385.00,112534.00,112895.00,113281.00,113781.00,114607.00,115779.00,116571.00,117587.00,118282.00,118779.00
Buffalo-Cheektowaga,NY,1135509.00,1135614.00,1135627.00,1135562.00,1134619.00,1134974.00,1135060.00,1133002.00,1130232.00,1129882.00,1129777.00,1127983.00
Burlington,NC,151131.00,151155.00,151431.00,152692.00,153265.00,154162.00,155384.00,157037.00,160283.00,163276.00,166514.00,169509.00
Burlington-South Burlington,VT,211261.00,211264.00,211538.00,213235.00,213962.00,214827.00,215676.00,217152.00,217447.00,218975.00,219939.00,220411.00
California-Lexington Park,MD,105151.00,105144.00,105761.00,107566.00,108800.00,109224.00,109913.00,110985.00,111750.00,112487.00,112720.00,113510.00
Canton-Massillon,OH,404422.00,404425.00,404218.00,403331.00,403429.00,403365.00,403675.00,402433.00,401068.00,399327.00,398330.00,397520.00
Cape Coral-Fort Myers,FL,618754.00,618755.00,620449.00,631053.00,644197.00,659834.00,677232.00,699644.00,722649.00,740000.00,754470.00,770577.00
Cape Girardeau,MO-IL,96275.00,96270.00,96447.00,96982.00,97210.00,97177.00,97405.00,97316.00,97109.00,96819.00,96868.00,96765.00
Carbondale-Marion,IL,139157.00,139148.00,139409.00,139956.00,138698.00,140077.00,139658.00,139419.00,138634.00,137352.00,136694.00,135764.00
Carson City,NV,55274.00,55269.00,54981.00,54676.00,54312.00,53726.00,54082.00,54068.00,54147.00,54532.00,55202.00,55916.00
Casper,WY,75450.00,75448.00,75470.00,76399.00,78565.00,81103.00,81377.00,82137.00,80909.00,79586.00,79175.00,79858.00
Cedar Rapids,IA,257940.00,257948.00,258440.00,261028.00,261916.00,262706.00,264300.00,266312.00,268224.00,270653.00,272061.00,273032.00
Chambersburg-Waynesboro,PA,149618.00,149631.00,149925.00,150934.00,151482.00,151945.00,152607.00,153048.00,153705.00,154376.00,154579.00,155027.00
Champaign-Urbana,IL,217810.00,217806.00,218255.00,219876.00,221131.00,222854.00,224351.00,225732.00,226722.00,226847.00,226284.00,226033.00
Charleston,WV,278009.00,277985.00,277805.00,276817.00,276704.00,275412.00,273606.00,270858.00,268130.00,264227.00,260280.00,257074.00
Charleston-North Charleston,SC,664607.00,664645.00,667450.00,681262.00,696839.00,711272.00,726836.00,745185.00,761578.00,775537.00,788122.00,802122.00
Charlotte-Concord-Gastonia,NC-SC,2243960.00,2243963.00,2250121.00,2281230.00,2318671.00,2358660.00,2400483.00,2447898.00,2499697.00,2550373.00,2592950.00,2636883.00
Charlottesville,VA,201559.00,201569.00,201891.00,203617.00,205532.00,206755.00,209187.00,211494.00,213675.00,216104.00,217335.00,218615.00
Chattanooga,TN,528143.00,528126.00,529131.00,533621.00,538103.00,542181.00,544183.00,547205.00,551859.00,555953.00,560832.00,565194.00
Cheyenne,WY,91738.00,91885.00,92236.00,92576.00,94697.00,95707.00,96036.00,96969.00,97887.00,98377.00,98865.00,99500.00
Chicago-Naperville-Elgin,IL-IN-WI,9461105.00,9461537.00,9470634.00,9500870.00,9528090.00,9550194.00,9560430.00,9552554.00,9533662.00,9514113.00,9484158.00,9458539.00
Chicago-Naperville-Evanston,IL,7147982.00,7148308.00,7155089.00,7184041.00,7208884.00,7226632.00,7230949.00,7221509.00,7201332.00,7180002.00,7149580.00,7122725.00
Elgin,IL,735165.00,735288.00,736586.00,740374.00,743280.00,746394.00,751559.00,755833.00,759341.00,762733.00,764786.00,766290.00
Gary,IN,708070.00,708117.00,708163.00,707978.00,706627.00,705661.00,705792.00,702691.00,700964.00,700547.00,701279.00,703428.00
Lake County-Kenosha County,IL-WI,869888.00,869824.00,870796.00,868477.00,869299.00,871507.00,872130.00,872521.00,872025.00,870831.00,868513.00,866096.00
Chico,CA,220000.00,220005.00,219949.00,219975.00,220869.00,221641.00,223516.00,224631.00,226231.00,228696.00,230339.00,219186.00
Cincinnati,OH,2137667.00,2137713.00,2140715.00,2146208.00,2152554.00,2162060.00,2172190.00,2181427.00,2191572.00,2202558.00,2211936.00,2221208.00
Clarksville,TN,273949.00,273942.00,274959.00,277405.00,287393.00,285441.00,289628.00,292878.00,293712.00,298635.00,304301.00,307820.00
Cleveland,TN,115788.00,115747.00,115896.00,116569.00,117673.00,118410.00,119455.00,120543.00,121184.00,122180.00,123968.00,124942.00
Cleveland-Elyria,OH,2077240.00,2077277.00,2075478.00,2068989.00,2064776.00,2067100.00,2067356.00,2064012.00,2060997.00,2057238.00,2053795.00,2048449.00
Coeur d'Alene,ID,138494.00,138466.00,138848.00,140932.00,142084.00,143897.00,146529.00,149367.00,153019.00,157320.00,161209.00,165697.00
College Station-Bryan,TX,228660.00,228668.00,229458.00,231435.00,234148.00,237816.00,242830.00,250567.00,254391.00,259123.00,261335.00,264728.00
Colorado Springs,CO,645613.00,645612.00,650500.00,660674.00,669448.00,678565.00,686562.00,697389.00,712335.00,724773.00,737202.00,745791.00
Columbia,MO,190387.00,190398.00,190947.00,194030.00,196540.00,198824.00,200492.00,202152.00,204049.00,205725.00,206746.00,208173.00
Columbia,SC,767598.00,767469.00,769646.00,776195.00,783250.00,790842.00,798882.00,809136.00,817188.00,824939.00,831690.00,838433.00
Columbus,GA,307788.00,308478.00,309476.00,315305.00,322721.00,327844.00,325273.00,322772.00,319040.00,315942.00,318211.00,321048.00
Columbus,IN,76794.00,76783.00,76818.00,77620.00,79001.00,79655.00,80497.00,81458.00,82231.00,82213.00,82722.00,83779.00
Columbus,OH,1901974.00,1902008.00,1906366.00,1926338.00,1947208.00,1974061.00,2001635.00,2027568.00,2052192.00,2082581.00,2104194.00,2122271.00
Corpus Christi,TX,405027.00,405025.00,404676.00,407721.00,413199.00,419080.00,423313.00,427621.00,428953.00,428445.00,428697.00,429024.00
Corvallis,OR,85579.00,85581.00,85574.00,86266.00,86678.00,86167.00,87215.00,88333.00,89918.00,91790.00,92442.00,93053.00
Crestview-Fort Walton Beach-Destin,FL,235865.00,235870.00,235932.00,238704.00,246952.00,251881.00,255801.00,260814.00,265492.00,271499.00,277666.00,284809.00
Cumberland,MD,103299.00,103272.00,103170.00,102629.00,101833.00,101267.00,100587.00,99879.00,99428.00,98575.00,97894.00,97284.00
Dallas-Fort Worth-Arlington,TX,6366542.00,6366537.00,6392065.00,6510544.00,6644559.00,6753889.00,6889769.00,7042566.00,7194758.00,7337097.00,7455756.00,7573136.00
Dallas-Plano-Irving,TX,4230520.00,4228853.00,4246890.00,4332281.00,4429033.00,4505783.00,4603065.00,4709844.00,4814994.00,4914285.00,4996835.00,5081942.00
Fort Worth-Arlington-Grapevine,TX,2136022.00,2137684.00,2145175.00,2178263.00,2215526.00,2248106.00,2286704.00,2332722.00,2379764.00,2422812.00,2458921.00,2491194.00
Dalton,GA,142227.00,142233.00,142278.00,142285.00,142259.00,141906.00,142298.00,143099.00,143753.00,144037.00,144192.00,144724.00
Danville,IL,81625.00,81625.00,81640.00,81414.00,80862.00,80585.00,79783.00,79170.00,78494.00,77689.00,76702.00,75758.00
Daphne-Fairhope-Foley,AL,182265.00,182265.00,183112.00,186558.00,190145.00,194885.00,199183.00,202939.00,207601.00,212521.00,217855.00,223234.00
Davenport-Moline-Rock Island,IA-IL,379690.00,379681.00,379743.00,380685.00,382431.00,383843.00,384070.00,383381.00,382178.00,381103.00,380044.00,379172.00
Dayton-Kettering,OH,799232.00,799280.00,799672.00,800858.00,801603.00,801390.00,801017.00,800124.00,801661.00,803233.00,805088.00,807611.00
Decatur,AL,153829.00,153827.00,153950.00,154075.00,153908.00,153146.00,152888.00,152392.00,152233.00,151981.00,152144.00,152603.00
Decatur,IL,110768.00,110777.00,110787.00,110684.00,110134.00,109561.00,108515.00,107343.00,106383.00,105399.00,104504.00,104009.00
Deltona-Daytona Beach-Ormond Beach,FL,590289.00,590288.00,590506.00,591926.00,594969.00,600236.00,608604.00,621166.00,635859.00,647867.00,658186.00,668365.00
Denver-Aurora-Lakewood,CO,2543482.00,2543608.00,2554523.00,2602918.00,2650274.00,2700529.00,2753973.00,2812896.00,2856755.00,2891776.00,2931665.00,2967239.00
Des Moines-West Des Moines,IA,606475.00,606474.00,608930.00,618299.00,626778.00,637846.00,649652.00,659522.00,671055.00,681413.00,690915.00,699292.00
Detroit-Warren-Dearborn,MI,4296250.00,4296227.00,4291508.00,4291696.00,4300864.00,4305587.00,4311194.00,4309673.00,4316260.00,4321593.00,4322084.00,4319629.00
Detroit-Dearborn-Livonia,MI,1820584.00,1820473.00,1815081.00,1803189.00,1795929.00,1780225.00,1771679.00,1764872.00,1760612.00,1757217.00,1754453.00,1749343.00
Warren-Troy-Farmington Hills,MI,2475666.00,2475754.00,2476427.00,2488507.00,2504935.00,2525362.00,2539515.00,2544801.00,2555648.00,2564376.00,2567631.00,2570286.00
Dothan,AL,145639.00,145640.00,145871.00,146621.00,147448.00,147449.00,147830.00,147992.00,147784.00,147878.00,148249.00,149358.00
Dover,DE,162310.00,162350.00,162956.00,165110.00,167297.00,169038.00,171456.00,173128.00,174542.00,176499.00,178540.00,180786.00
Dubuque,IA,93653.00,93643.00,93929.00,94593.00,95159.00,95945.00,96481.00,96850.00,96763.00,97066.00,96922.00,97311.00
Duluth,MN,290637.00,290636.00,290542.00,290594.00,290176.00,290193.00,290261.00,289741.00,289395.00,289108.00,289260.00,288732.00
Durham-Chapel Hill,NC,564273.00,564193.00,566267.00,572520.00,581735.00,590364.00,599236.00,607706.00,618222.00,625678.00,637501.00,644367.00
East Stroudsburg,PA,169842.00,169841.00,169849.00,169891.00,168628.00,167355.00,167285.00,166481.00,166220.00,167895.00,169294.00,170271.00
Eau Claire,WI,161151.00,161383.00,161655.00,162886.00,163892.00,164822.00,165023.00,165501.00,166430.00,167329.00,168464.00,169304.00
El Centro,CA,174528.00,174524.00,174716.00,175786.00,176575.00,176438.00,177974.00,178937.00,180179.00,181649.00,181523.00,181215.00
Elizabethtown-Fort Knox,KY,148338.00,148331.00,149833.00,151319.00,151501.00,152228.00,151675.00,148107.00,148941.00,150390.00,153201.00,153928.00
Elkhart-Goshen,IN,197559.00,197569.00,197451.00,198279.00,198968.00,200205.00,201423.00,202995.00,203642.00,204194.00,205617.00,206341.00
Elmira,NY,88830.00,88847.00,88895.00,88899.00,89137.00,88199.00,87177.00,86705.00,85644.00,84736.00,83935.00,83456.00
El Paso,TX,804123.00,804109.00,807048.00,823308.00,835667.00,834203.00,837089.00,835439.00,839203.00,842005.00,841613.00,844124.00
Enid,OK,60580.00,60580.00,60765.00,60763.00,61399.00,62370.00,62790.00,63248.00,62493.00,61600.00,61095.00,61056.00
Erie,PA,280566.00,280584.00,280799.00,281327.00,281532.00,280717.00,279423.00,278174.00,276170.00,273558.00,271544.00,269728.00
Eugene-Springfield,OR,351715.00,351705.00,351920.00,354034.00,355075.00,355481.00,358027.00,361946.00,368874.00,375264.00,378549.00,382067.00
Evansville,IN,311552.00,311548.00,311802.00,312698.00,313422.00,314331.00,314859.00,314983.00,315283.00,314791.00,314660.00,315086.00
Fairbanks,AK,97581.00,97585.00,98264.00,98120.00,100311.00,100933.00,99254.00,99636.00,100633.00,99675.00,98565.00,96849.00
Fargo,ND,208777.00,208777.00,209455.00,213222.00,217610.00,223360.00,227790.00,232891.00,237244.00,241511.00,244311.00,246145.00
Farmington,NM,130044.00,130045.00,130203.00,129711.00,129756.00,129467.00,129084.00,128246.00,127954.00,126917.00,125499.00,123958.00
Fayetteville,NC,481061.00,481011.00,490446.00,499149.00,502672.00,509180.00,510635.00,511976.00,516822.00,517527.00,522461.00,526719.00
Fayetteville-Springdale-Rogers,AR,440121.00,440121.00,442301.00,452884.00,462291.00,471140.00,480513.00,491730.00,503806.00,515616.00,525239.00,534904.00
Flagstaff,AZ,134421.00,134426.00,134612.00,134275.00,136146.00,136699.00,137566.00,138962.00,140407.00,141001.00,142523.00,143476.00
Flint,MI,425790.00,425787.00,424953.00,422026.00,418193.00,415639.00,412859.00,410461.00,408926.00,407488.00,406688.00,405813.00
Florence,SC,205566.00,205576.00,205662.00,205800.00,206041.00,205986.00,206426.00,206235.00,205854.00,205476.00,205036.00,204911.00
Florence-Muscle Shoals,AL,147137.00,147137.00,147261.00,147146.00,147232.00,147230.00,147462.00,146876.00,146922.00,147259.00,147608.00,147970.00
Fond du Lac,WI,101633.00,101623.00,101576.00,101810.00,101788.00,101787.00,101977.00,101955.00,102211.00,102417.00,103001.00,103403.00
Fort Collins,CO,299630.00,299630.00,300441.00,305246.00,310842.00,316225.00,324008.00,333303.00,338984.00,344084.00,350660.00,356899.00
Fort Smith,AR-OK,248208.00,248240.00,248344.00,249236.00,249491.00,248569.00,248220.00,248820.00,249170.00,250231.00,250298.00,250368.00
Fort Wayne,IN,388621.00,388626.00,389298.00,392332.00,394225.00,396638.00,398591.00,400806.00,402887.00,405445.00,409126.00,413263.00
Fresno,CA,930450.00,930507.00,932039.00,939406.00,945045.00,951514.00,960567.00,969488.00,976830.00,985238.00,991950.00,999101.00
Gadsden,AL,104430.00,104429.00,104459.00,104369.00,104278.00,103884.00,103399.00,102998.00,102855.00,103007.00,102611.00,102268.00
Gainesville,FL,305076.00,305076.00,305334.00,306979.00,308240.00,308865.00,311743.00,316031.00,321418.00,324485.00,327933.00,329128.00
Gainesville,GA,179684.00,179724.00,180033.00,182269.00,184102.00,186431.00,189142.00,192245.00,196159.00,198953.00,201538.00,204441.00
Gettysburg,PA,101407.00,101428.00,101479.00,101474.00,101254.00,101137.00,101353.00,101808.00,101911.00,102562.00,103062.00,103009.00
Glens Falls,NY,128923.00,128946.00,129021.00,128827.00,128420.00,127848.00,127341.00,126666.00,126233.00,125924.00,125489.00,125148.00
Goldsboro,NC,122623.00,122661.00,122886.00,124038.00,124559.00,124587.00,124586.00,124342.00,124269.00,123034.00,123237.00,123131.00
Grand Forks,ND-MN,98461.00,98464.00,98633.00,98194.00,99093.00,100741.00,101260.00,101849.00,102171.00,102126.00,101766.00,100815.00
Grand Island,NE,72726.00,72744.00,72936.00,73547.00,74238.00,74652.00,75240.00,75319.00,75598.00,75456.00,75476.00,75553.00
Grand Junction,CO,146723.00,146733.00,146259.00,147174.00,147317.00,147175.00,147113.00,148025.00,149736.00,151170.00,152951.00,154210.00
Grand Rapids-Kentwood,MI,993670.00,993663.00,994262.00,1002556.00,1013655.00,1025473.00,1036234.00,1044842.00,1054710.00,1063670.00,1071370.00,1077370.00
Grants Pass,OR,82713.00,82719.00,82879.00,82702.00,82755.00,83131.00,83377.00,84528.00,85504.00,86584.00,87150.00,87487.00
Great Falls,MT,81327.00,81326.00,81507.00,81714.00,81622.00,82194.00,82056.00,81878.00,81562.00,81633.00,81688.00,81366.00
Greeley,CO,252825.00,252827.00,254207.00,258827.00,264131.00,270165.00,277112.00,285819.00,295712.00,305885.00,314815.00,324492.00
Green Bay,WI,306241.00,306241.00,306754.00,308613.00,310605.00,311947.00,314003.00,315652.00,317369.00,319694.00,321384.00,322906.00
Greensboro-High Point,NC,723801.00,723923.00,725264.00,730095.00,735475.00,740604.00,746497.00,751285.00,758635.00,762071.00,766473.00,771851.00
Greenville,NC,168148.00,168176.00,168863.00,170791.00,172980.00,174380.00,174974.00,176071.00,177171.00,178607.00,179575.00,180742.00
Greenville-Anderson,SC,824112.00,824031.00,825625.00,833220.00,840903.00,848417.00,860285.00,872521.00,884327.00,895357.00,907028.00,920477.00
Gulfport-Biloxi,MS,388488.00,388591.00,389324.00,393744.00,396803.00,399940.00,403841.00,406604.00,408865.00,412754.00,414686.00,417665.00
Hagerstown-Martinsburg,MD-WV,269140.00,269146.00,269833.00,271983.00,273429.00,274926.00,276755.00,278236.00,280717.00,282958.00,285722.00,288104.00
Hammond,LA,121097.00,121109.00,121485.00,122700.00,123646.00,125520.00,127010.00,128716.00,130619.00,132353.00,133837.00,134758.00
Hanford-Corcoran,CA,152982.00,152974.00,152370.00,151868.00,150991.00,150337.00,149495.00,150085.00,149382.00,149665.00,151382.00,152940.00
Harrisburg-Carlisle,PA,549475.00,549444.00,550088.00,552280.00,555057.00,558139.00,561164.00,564678.00,567510.00,570784.00,574149.00,577941.00
Harrisonburg,VA,125228.00,125221.00,125401.00,126796.00,128449.00,128956.00,130420.00,131120.00,132909.00,134041.00,134749.00,134964.00
Hartford-East Hartford-Middletown,CT,1212381.00,1212471.00,1214091.00,1216088.00,1215307.00,1214785.00,1213886.00,1211748.00,1208595.00,1207027.00,1206139.00,1204877.00
Hattiesburg,MS,162410.00,162418.00,162856.00,164801.00,165994.00,166971.00,167179.00,167873.00,168158.00,167719.00,168292.00,168849.00
Hickory-Lenoir-Morganton,NC,365497.00,365794.00,365565.00,364478.00,363670.00,363379.00,363035.00,363346.00,364798.00,367085.00,368449.00,369711.00
Hilton Head Island-Bluffton,SC,187010.00,187010.00,187777.00,189330.00,193145.00,197292.00,201725.00,207256.00,211269.00,215019.00,218023.00,222195.00
Hinesville,GA,77917.00,77929.00,77339.00,80267.00,80406.00,78825.00,81120.00,79269.00,79845.00,80399.00,79697.00,80994.00
Homosassa Springs,FL,141236.00,141230.00,141173.00,139764.00,139180.00,138829.00,138828.00,140287.00,142804.00,145415.00,147682.00,149657.00
Hot Springs,AR,96024.00,95999.00,96067.00,96854.00,96986.00,97654.00,97758.00,97814.00,98282.00,98327.00,98966.00,99386.00
Houma-Thibodaux,LA,208178.00,208185.00,208251.00,208713.00,208885.00,209983.00,211368.00,212131.00,211512.00,209946.00,209144.00,208075.00
Houston-The Woodlands-Sugar Land,TX,5920416.00,5920487.00,5947236.00,6056193.00,6183531.00,6328208.00,6500199.00,6671808.00,6806503.00,6900090.00,6976147.00,7066141.00
Huntington-Ashland,WV-KY-OH,370908.00,370899.00,371065.00,371126.00,370972.00,370179.00,368938.00,367224.00,365020.00,361970.00,359069.00,355873.00
Huntsville,AL,417593.00,417593.00,419276.00,425122.00,430056.00,435541.00,440395.00,444542.00,449576.00,455892.00,463181.00,471824.00
Idaho Falls,ID,133265.00,133331.00,133813.00,134959.00,136165.00,136840.00,137838.00,139542.00,142520.00,145512.00,148436.00,151530.00
Indianapolis-Carmel-Anderson,IN,1887877.00,1888075.00,1892640.00,1910719.00,1929678.00,1953600.00,1971006.00,1986119.00,2006760.00,2027584.00,2052368.00,2074537.00
Iowa City,IA,152586.00,152586.00,153025.00,155908.00,159006.00,162095.00,164759.00,167088.00,169054.00,171529.00,172607.00,173105.00
Ithaca,NY,101564.00,101592.00,101740.00,101821.00,102726.00,103553.00,103391.00,103006.00,102942.00,102664.00,102419.00,102180.00
Jackson,MI,160248.00,160233.00,160109.00,159658.00,159962.00,159628.00,159421.00,159264.00,158277.00,158563.00,158566.00,158510.00
Jackson,MS,586320.00,587115.00,588272.00,593409.00,595585.00,596325.00,597357.00,597928.00,599170.00,599358.00,597376.00,594806.00
Jackson,TN,179694.00,179711.00,179762.00,179692.00,179857.00,179836.00,179358.00,178607.00,178306.00,178336.00,178315.00,178644.00
Jacksonville,FL,1345596.00,1345594.00,1348907.00,1361972.00,1377607.00,1393432.00,1416446.00,1444638.00,1476023.00,1505033.00,1532663.00,1559514.00
Jacksonville,NC,177772.00,177801.00,186892.00,184993.00,190678.00,192354.00,191822.00,193114.00,192314.00,195066.00,196915.00,197938.00
Janesville-Beloit,WI,160331.00,160325.00,160260.00,159867.00,160065.00,160341.00,160920.00,161006.00,161320.00,162205.00,162874.00,163354.00
Jefferson City,MO,149807.00,149820.00,149991.00,150413.00,150391.00,150669.00,150727.00,150928.00,151375.00,151319.00,151512.00,151235.00
Johnson City,TN,198716.00,198757.00,199010.00,199574.00,200473.00,200470.00,200021.00,200331.00,201457.00,201909.00,202900.00,203649.00
Johnstown,PA,143679.00,143695.00,143461.00,142579.00,141536.00,138826.00,137537.00,136028.00,134414.00,132960.00,131449.00,130192.00
Jonesboro,AR,121026.00,121019.00,121263.00,122854.00,124292.00,125840.00,126813.00,128459.00,129906.00,131259.00,132719.00,133860.00
Joplin,MO,175518.00,175509.00,175833.00,173846.00,174407.00,175144.00,175869.00,176686.00,177397.00,178239.00,178613.00,179564.00
Kahului-Wailuku-Lahaina,HI,154834.00,154840.00,155020.00,156936.00,158889.00,161004.00,163036.00,163904.00,165350.00,166146.00,166972.00,167417.00
Kalamazoo-Portage,MI,250331.00,250327.00,250751.00,252600.00,255353.00,257311.00,258951.00,259676.00,261304.00,262998.00,264680.00,265066.00
Kankakee,IL,113449.00,113450.00,113418.00,113519.00,112974.00,112735.00,111883.00,111750.00,111080.00,110540.00,109953.00,109862.00
Kansas City,MO-KS,2009342.00,2009355.00,2013361.00,2025490.00,2038586.00,2053850.00,2069182.00,2085913.00,2107066.00,2127203.00,2144427.00,2157990.00
Kennewick-Richland,WA,253340.00,253328.00,255542.00,263487.00,268071.00,270766.00,274154.00,278945.00,283693.00,290096.00,295289.00,299612.00
Killeen-Temple,TX,405300.00,405308.00,408262.00,412348.00,423475.00,423931.00,426421.00,432583.00,436421.00,442998.00,451272.00,460303.00
Kingsport-Bristol,TN-VA,309544.00,309493.00,309480.00,309098.00,308623.00,307811.00,307198.00,306279.00,306017.00,306496.00,306736.00,307202.00
Kingston,NY,182493.00,182519.00,182418.00,182448.00,181538.00,180698.00,180400.00,179658.00,179042.00,178635.00,178418.00,177573.00
Knoxville,TN,814914.00,815025.00,815984.00,820702.00,825007.00,829017.00,832928.00,837818.00,844942.00,853645.00,861234.00,869046.00
Kokomo,IN,82752.00,82748.00,82752.00,82797.00,82839.00,82738.00,82605.00,82338.00,82304.00,82210.00,82257.00,82544.00
La Crosse-Onalaska,WI-MN,133665.00,133658.00,133897.00,134106.00,135307.00,135655.00,136140.00,136385.00,136384.00,136710.00,136613.00,136616.00
Lafayette,LA,466750.00,466733.00,467612.00,470935.00,474205.00,479794.00,484876.00,489507.00,490877.00,490299.00,489680.00,489207.00
Lafayette-West Lafayette,IN,210297.00,210310.00,210687.00,213230.00,216449.00,219183.00,221445.00,223573.00,227088.00,228101.00,230938.00,233002.00
Lake Charles,LA,199607.00,199640.00,199943.00,200534.00,201110.00,202205.00,203296.00,205275.00,207464.00,209410.00,210190.00,210409.00
Lake Havasu City-Kingman,AZ,200186.00,200182.00,200314.00,202812.00,203347.00,203126.00,203423.00,204574.00,205412.00,207017.00,209292.00,212181.00
Lakeland-Winter Haven,FL,602095.00,602073.00,603102.00,609948.00,615453.00,622633.00,634398.00,648523.00,665823.00,685368.00,706597.00,724777.00
Lancaster,PA,519445.00,519443.00,520319.00,523957.00,526878.00,530012.00,533289.00,535811.00,538160.00,541332.00,543969.00,545724.00
Lansing-East Lansing,MI,534684.00,534684.00,534899.00,536605.00,537005.00,538089.00,540028.00,541271.00,545146.00,548380.00,548674.00,550391.00
Laredo,TX,250304.00,250304.00,251370.00,255935.00,260595.00,264430.00,267465.00,269865.00,272301.00,273691.00,275120.00,276652.00
Las Cruces,NM,209233.00,209217.00,210097.00,213126.00,214450.00,214288.00,213933.00,214034.00,214663.00,216174.00,217278.00,218195.00
Las Vegas-Henderson-Paradise,NV,1951269.00,1951268.00,1952587.00,1961925.00,1989224.00,2017193.00,2053134.00,2096717.00,2138836.00,2181635.00,2226115.00,2266715.00
Lawrence,KS,110826.00,110826.00,111198.00,112479.00,113313.00,114713.00,116445.00,118141.00,119662.00,120281.00,121109.00,122259.00
Lawton,OK,130291.00,130288.00,131569.00,132255.00,132696.00,131113.00,130909.00,130011.00,127676.00,127649.00,126348.00,126415.00
Lebanon,PA,133568.00,133597.00,133664.00,134529.00,135545.00,135804.00,136538.00,137479.00,138480.00,139553.00,141339.00,141793.00
Lewiston,ID,60888.00,60893.00,61040.00,61409.00,61413.00,61927.00,62031.00,62108.00,62422.00,62798.00,62872.00,62990.00
Lewiston-Auburn,ME,107702.00,107709.00,107708.00,107439.00,107486.00,107223.00,107358.00,107124.00,107296.00,107399.00,107914.00,108277.00
Lexington-Fayette,KY,472099.00,472103.00,473412.00,478930.00,485236.00,490906.00,495137.00,501469.00,507387.00,512381.00,514938.00,517056.00
Lima,OH,106331.00,106313.00,106358.00,105988.00,105244.00,105055.00,104848.00,104095.00,103613.00,103093.00,102725.00,102351.00
Lincoln,NE,302157.00,302157.00,302961.00,306619.00,310328.00,314103.00,319634.00,323090.00,327409.00,330975.00,333800.00,336374.00
Little Rock-North Little Rock-Conway,AR,699757.00,699790.00,702294.00,710682.00,717665.00,723159.00,728190.00,730889.00,734166.00,737557.00,740081.00,742384.00
Logan,UT,125442.00,125442.00,126167.00,127591.00,128693.00,129827.00,130804.00,132652.00,135521.00,137703.00,140104.00,142165.00
Longview,TX,280000.00,280007.00,280487.00,282427.00,283056.00,282589.00,283219.00,283767.00,283641.00,284602.00,285315.00,286657.00
Longview,WA,102410.00,102408.00,102358.00,102309.00,101663.00,101483.00,101790.00,102999.00,104740.00,106805.00,108752.00,110593.00
Los Angeles-Long Beach-Anaheim,CA,12828837.00,12828957.00,12838417.00,12925753.00,13013443.00,13097434.00,13166609.00,13234696.00,13270694.00,13278000.00,13249879.00,13214799.00
Anaheim-Santa Ana-Irvine,CA,3010232.00,3008989.00,3015171.00,3049271.00,3078068.00,3104950.00,3126537.00,3149280.00,3164986.00,3174289.00,3175973.00,3175692.00
Los Angeles-Long Beach-Glendale,CA,9818605.00,9819968.00,9823246.00,9876482.00,9935375.00,9992484.00,10040072.00,10085416.00,10105708.00,10103711.00,10073906.00,10039107.00
Louisville/Jefferson County,KY-IN,1202718.00,1202686.00,1204655.00,1211869.00,1220183.00,1232178.00,1239354.00,1246231.00,1252525.00,1259553.00,1262023.00,1265108.00
Lubbock,TX,290805.00,290889.00,292241.00,295338.00,297793.00,301167.00,306056.00,310001.00,313780.00,317094.00,319239.00,322257.00
Lynchburg,VA,252634.00,252654.00,252969.00,254190.00,255725.00,256832.00,257953.00,259447.00,260537.00,261813.00,262893.00,263566.00
Macon-Bibb County,GA,232293.00,232245.00,232199.00,232707.00,232734.00,231225.00,230441.00,229795.00,229148.00,228985.00,229594.00,229996.00
Madera,CA,150865.00,150834.00,150986.00,151675.00,151527.00,151370.00,153456.00,153576.00,153956.00,155423.00,156882.00,157327.00
Madison,WI,605435.00,605466.00,606625.00,613159.00,619719.00,626833.00,633369.00,640198.00,648388.00,655250.00,659927.00,664865.00
Manchester-Nashua,NH,400721.00,400706.00,401055.00,402774.00,404344.00,405281.00,407275.00,408985.00,411333.00,413204.00,414630.00,417025.00
Manhattan,KS,127081.00,127094.00,128521.00,130746.00,137731.00,136294.00,135665.00,136989.00,134000.00,131667.00,131698.00,130285.00
Mankato,MN,96740.00,96742.00,96844.00,97325.00,97994.00,97718.00,98670.00,99199.00,100075.00,100968.00,101577.00,101927.00
Mansfield,OH,124475.00,124474.00,124162.00,123144.00,122633.00,122314.00,121999.00,121688.00,121242.00,120430.00,120987.00,121154.00
McAllen-Edinburg-Mission,TX,774769.00,774764.00,779149.00,795517.00,808334.00,818619.00,829819.00,839667.00,848960.00,856249.00,862298.00,868707.00
Medford,OR,203206.00,203204.00,203341.00,204747.00,205852.00,207179.00,209189.00,211403.00,214366.00,216746.00,219411.00,220944.00
Memphis,TN,1316100.00,1316102.00,1317489.00,1323741.00,1331396.00,1332114.00,1333432.00,1334790.00,1336204.00,1338582.00,1342497.00,1346045.00
Merced,CA,255793.00,255796.00,256721.00,259297.00,260867.00,262026.00,264419.00,266353.00,267628.00,271096.00,274151.00,277680.00
Miami-Fort Lauderdale-Pompano Beach,FL,5564635.00,5566274.00,5583394.00,5668271.00,5745743.00,5822754.00,5893858.00,5969135.00,6055686.00,6118155.00,6143837.00,6166488.00
Fort Lauderdale-Pompano Beach-Sunrise,FL,1748066.00,1748146.00,1752803.00,1786980.00,1814253.00,1836600.00,1860933.00,1885040.00,1912583.00,1934516.00,1946107.00,1952778.00
Miami-Miami Beach-Kendall,FL,2496435.00,2497993.00,2506972.00,2544531.00,2576554.00,2609692.00,2634269.00,2659839.00,2692213.00,2713295.00,2714854.00,2716940.00
West Palm Beach-Boca Raton-Boynton Beach,FL,1320134.00,1320135.00,1323619.00,1336760.00,1354936.00,1376462.00,1398656.00,1424256.00,1450890.00,1470344.00,1482876.00,1496770.00
Michigan City-La Porte,IN,111467.00,111466.00,111459.00,111317.00,111304.00,111423.00,111735.00,110835.00,110222.00,109842.00,109981.00,109888.00
Midland,MI,83629.00,83621.00,83651.00,83805.00,83721.00,83651.00,83492.00,83662.00,83422.00,83314.00,83223.00,83156.00
Midland,TX,141671.00,141671.00,141783.00,145108.00,152312.00,157628.00,162187.00,167974.00,169466.00,170849.00,178186.00,182603.00
Milwaukee-Waukesha,WI,1555908.00,1555954.00,1556678.00,1561296.00,1567248.00,1571732.00,1575002.00,1576496.00,1576004.00,1574444.00,1573995.00,1575179.00
 Paul-Bloomington,MN-WI,3333633.00,3333628.00,3340007.00,3373392.00,3405952.00,3440782.00,3476192.00,3503728.00,3538527.00,3575699.00,3610061.00,3640043.00
Missoula,MT,109299.00,109296.00,109467.00,110245.00,111042.00,111900.00,112801.00,114122.00,116349.00,117834.00,118640.00,119600.00
Mobile,AL,430573.00,430719.00,430941.00,430423.00,430962.00,430815.00,431017.00,431294.00,431566.00,430567.00,430310.00,429536.00
Modesto,CA,514453.00,514450.00,515145.00,517560.00,520424.00,523451.00,528015.00,533211.00,539255.00,544717.00,548126.00,550660.00
Monroe,LA,204420.00,204487.00,204675.00,204886.00,205151.00,205454.00,205570.00,205668.00,205319.00,203894.00,202138.00,200261.00
Monroe,MI,152021.00,152031.00,151936.00,151496.00,150804.00,150139.00,149847.00,149353.00,149159.00,149449.00,150174.00,150500.00
Montgomery,AL,374536.00,374540.00,375119.00,375549.00,374872.00,374114.00,373476.00,373365.00,373865.00,374174.00,373022.00,373290.00
Morgantown,WV,129709.00,129702.00,130308.00,132678.00,134813.00,135948.00,137396.00,138523.00,139403.00,139608.00,139204.00,139044.00
Morristown,TN,136608.00,136858.00,136945.00,137560.00,137753.00,137924.00,138280.00,139212.00,139924.00,140898.00,141778.00,142749.00
Mount Vernon-Anacortes,WA,116901.00,116892.00,116944.00,117578.00,117714.00,118255.00,119966.00,121559.00,123603.00,125860.00,127835.00,129205.00
Muncie,IN,117671.00,117670.00,117665.00,117901.00,117027.00,116831.00,116487.00,115767.00,115657.00,115246.00,114297.00,114135.00
Muskegon,MI,172188.00,172194.00,171913.00,170026.00,170159.00,172273.00,172254.00,172447.00,173227.00,173645.00,173599.00,173566.00
Myrtle Beach-Conway-North Myrtle Beach,SC-NC,376722.00,376575.00,378343.00,385650.00,393299.00,403705.00,416065.00,431198.00,447337.00,463514.00,480985.00,496901.00
Napa,CA,136484.00,136535.00,136759.00,137691.00,138538.00,139580.00,140405.00,140862.00,140840.00,139878.00,138789.00,137744.00
Naples-Marco Island,FL,321520.00,321522.00,322581.00,327629.00,332233.00,338987.00,347211.00,356041.00,365445.00,372678.00,378201.00,384902.00
Nashville-Davidson--Murfreesboro--Franklin,TN,1646200.00,1646183.00,1650831.00,1674534.00,1703609.00,1735012.00,1768350.00,1804671.00,1841294.00,1874515.00,1904726.00,1934317.00
New Bern,NC,126802.00,126808.00,127423.00,128135.00,128409.00,127172.00,126778.00,125371.00,124985.00,124703.00,124584.00,124284.00
New Haven-Milford,CT,862477.00,862442.00,863357.00,863871.00,864566.00,862820.00,862885.00,860186.00,857901.00,857748.00,856971.00,854757.00
New Orleans-Metairie,LA,1189866.00,1189891.00,1195324.00,1214008.00,1226887.00,1239584.00,1248905.00,1260281.00,1267613.00,1270326.00,1270133.00,1270530.00
New York-Newark-Jersey City,NY-NJ-PA,18897109.00,18896277.00,18923407.00,19052774.00,19149689.00,19226449.00,19280929.00,19320968.00,19334778.00,19322607.00,19276644.00,19216182.00
Nassau County-Suffolk County,NY,2832882.00,2832996.00,2836008.00,2845115.00,2846598.00,2849539.00,2850230.00,2846807.00,2842358.00,2840651.00,2838364.00,2833525.00
Newark,NJ,2147727.00,2146271.00,2147559.00,2152836.00,2153507.00,2156780.00,2157654.00,2158381.00,2160926.00,2166313.00,2169430.00,2167829.00
New Brunswick-Lakewood,NJ,2340249.00,2340425.00,2342905.00,2349442.00,2354324.00,2359761.00,2363448.00,2366342.00,2369200.00,2375350.00,2378290.00,2379977.00
New York-Jersey City-White Plains,NY-NJ,11576251.00,11576585.00,11596935.00,11705381.00,11795260.00,11860369.00,11909597.00,11949438.00,11962294.00,11940293.00,11890560.00,11834851.00
Niles,MI,156813.00,156808.00,156737.00,156885.00,156621.00,156129.00,155977.00,155022.00,154325.00,154128.00,153790.00,153401.00
North Port-Sarasota-Bradenton,FL,702281.00,702312.00,703354.00,709775.00,720281.00,731796.00,747228.00,767309.00,788341.00,805186.00,820716.00,836995.00
Norwich-New London,CT,274055.00,274070.00,274004.00,273037.00,274091.00,272976.00,271462.00,269636.00,268403.00,267419.00,266285.00,265206.00
Ocala,FL,331298.00,331299.00,331331.00,332286.00,333873.00,335083.00,338005.00,342182.00,347469.00,353339.00,359062.00,365579.00
Ocean City,NJ,97265.00,97257.00,97212.00,96494.00,96228.00,95498.00,94907.00,94160.00,93655.00,93129.00,92446.00,92039.00
Odessa,TX,137130.00,137136.00,137075.00,139642.00,144495.00,149656.00,154588.00,159903.00,157858.00,156951.00,161960.00,166223.00
Ogden-Clearfield,UT,597159.00,597162.00,599740.00,605591.00,612185.00,621224.00,630767.00,640334.00,652476.00,664040.00,673660.00,683864.00
Oklahoma City,OK,1252987.00,1253002.00,1257793.00,1277045.00,1297857.00,1320148.00,1336256.00,1357178.00,1372985.00,1381492.00,1393605.00,1408950.00
Olympia-Lacey-Tumwater,WA,252264.00,252260.00,253001.00,256386.00,258527.00,261852.00,264909.00,267978.00,273714.00,280269.00,286056.00,290536.00
Omaha-Council Bluffs,NE-IA,865350.00,865347.00,867671.00,876022.00,884555.00,893864.00,903335.00,913073.00,923431.00,931987.00,940970.00,949442.00
Orlando-Kissimmee-Sanford,FL,2134411.00,2134399.00,2139161.00,2176054.00,2225636.00,2270149.00,2324391.00,2388509.00,2455583.00,2517777.00,2574838.00,2608147.00
Oshkosh-Neenah,WI,166994.00,167000.00,167073.00,167493.00,168525.00,169283.00,169324.00,169246.00,169629.00,170394.00,170878.00,171907.00
Owensboro,KY,114752.00,114746.00,114770.00,115255.00,115972.00,116373.00,116529.00,117521.00,118092.00,118455.00,118879.00,119440.00
Oxnard-Thousand Oaks-Ventura,CA,823318.00,823398.00,825097.00,830099.00,833516.00,838136.00,842297.00,845802.00,847323.00,849044.00,848142.00,846006.00
Palm Bay-Melbourne-Titusville,FL,543376.00,543372.00,543965.00,544359.00,546966.00,550255.00,555548.00,565746.00,576874.00,587769.00,595203.00,601942.00
Panama City,FL,168852.00,168850.00,169206.00,169555.00,171757.00,174596.00,178289.00,181488.00,183634.00,184736.00,186240.00,174705.00
Parkersburg-Vienna,WV,92673.00,92667.00,92698.00,92643.00,92390.00,92360.00,92259.00,92139.00,91476.00,90846.00,89991.00,89339.00
Pensacola-Ferry Pass-Brent,FL,448991.00,448991.00,450946.00,455139.00,461613.00,467086.00,470628.00,475537.00,481367.00,487298.00,494399.00,502629.00
Peoria,IL,416255.00,416253.00,416051.00,416687.00,416866.00,418092.00,415479.00,412856.00,410754.00,406913.00,403328.00,400561.00
Philadelphia-Camden-Wilmington,PA-NJ-DE-MD,5965343.00,5965677.00,5970899.00,5996232.00,6016616.00,6030134.00,6046382.00,6056816.00,6066661.00,6078522.00,6091208.00,6102434.00
Camden,NJ,1250679.00,1251021.00,1251554.00,1252459.00,1251910.00,1248615.00,1247164.00,1245413.00,1243735.00,1242795.00,1242623.00,1243456.00
Montgomery County-Bucks County-Chester County,PA,1924009.00,1924229.00,1926184.00,1934681.00,1940107.00,1946703.00,1953776.00,1957511.00,1962419.00,1970015.00,1976822.00,1984174.00
Philadelphia,PA,2084985.00,2084769.00,2087264.00,2099741.00,2112585.00,2119812.00,2128156.00,2134290.00,2139759.00,2144459.00,2148823.00,2150811.00
Wilmington,DE,705670.00,705658.00,705897.00,709351.00,712014.00,715004.00,717286.00,719602.00,720748.00,721253.00,722940.00,723993.00
Phoenix-Mesa-Chandler,AZ,4192887.00,4193129.00,4204204.00,4253037.00,4329756.00,4403121.00,4488970.00,4578519.00,4673336.00,4758748.00,4849209.00,4948203.00
Pine Bluff,AR,100258.00,100289.00,100107.00,99052.00,97423.00,95769.00,94882.00,94022.00,92380.00,90875.00,89246.00,87804.00
Pittsburgh,PA,2356285.00,2356294.00,2357090.00,2360417.00,2360443.00,2359803.00,2356189.00,2347757.00,2340222.00,2329004.00,2322653.00,2317600.00
Pittsfield,MA,131219.00,131274.00,131317.00,130547.00,130284.00,129488.00,128856.00,127858.00,127067.00,126353.00,125901.00,124944.00
Pocatello,ID,90656.00,90661.00,90892.00,91421.00,91585.00,91246.00,91265.00,91871.00,92357.00,93088.00,94374.00,95489.00
Portland-South Portland,ME,514098.00,514108.00,513911.00,516070.00,517632.00,519987.00,523989.00,525831.00,528912.00,531899.00,535232.00,538500.00
Portland-Vancouver-Hillsboro,OR-WA,2226009.00,2226003.00,2232181.00,2262834.00,2288465.00,2311015.00,2343994.00,2381660.00,2426575.00,2454815.00,2473350.00,2492412.00
 Lucie,FL,424107.00,424107.00,425173.00,428287.00,431912.00,436425.00,443164.00,452841.00,463891.00,472864.00,481167.00,489297.00
Poughkeepsie-Newburgh-Middletown,NY,670301.00,670280.00,671173.00,672230.00,670722.00,670588.00,669972.00,669842.00,670828.00,673303.00,676065.00,679158.00
Prescott Valley-Prescott,AZ,211033.00,211017.00,210983.00,211044.00,211990.00,214421.00,217716.00,220805.00,224575.00,228082.00,231772.00,235099.00
Providence-Warwick,RI-MA,1600852.00,1601206.00,1603125.00,1602957.00,1605741.00,1607460.00,1611026.00,1612928.00,1614840.00,1616614.00,1622379.00,1624578.00
Provo-Orem,UT,526810.00,526885.00,530262.00,541001.00,549980.00,561534.00,571059.00,583218.00,601304.00,618035.00,633149.00,648252.00
Pueblo,CO,159063.00,159063.00,159390.00,160184.00,160721.00,161033.00,161356.00,163006.00,164774.00,166283.00,167422.00,168424.00
Punta Gorda,FL,159978.00,159967.00,159875.00,159869.00,162744.00,164671.00,168041.00,172382.00,177671.00,181522.00,184849.00,188910.00
Racine,WI,195408.00,195428.00,195406.00,194908.00,194594.00,194680.00,194786.00,194672.00,194846.00,195825.00,196357.00,196311.00
Raleigh-Cary,NC,1130490.00,1130493.00,1137383.00,1162179.00,1187848.00,1213499.00,1241189.00,1271091.00,1303854.00,1334235.00,1361590.00,1390785.00
Rapid City,SD,126382.00,126400.00,126727.00,127903.00,130075.00,132320.00,134231.00,134858.00,136450.00,138444.00,140154.00,142107.00
Reading,PA,411442.00,411570.00,412039.00,413008.00,413518.00,413915.00,414559.00,415138.00,415784.00,417511.00,420529.00,421164.00
Redding,CA,177223.00,177221.00,177274.00,177588.00,177875.00,178397.00,178844.00,178314.00,178571.00,179384.00,179709.00,180080.00
Reno,NV,425417.00,425442.00,425951.00,427901.00,431208.00,434878.00,440110.00,446329.00,453709.00,460605.00,468335.00,475642.00
Richmond,VA,1186501.00,1186471.00,1188246.00,1197059.00,1211015.00,1222549.00,1235006.00,1246665.00,1258471.00,1269566.00,1281053.00,1291900.00
Riverside-San Bernardino-Ontario,CA,4224851.00,4224948.00,4242424.00,4294897.00,4334716.00,4369493.00,4415343.00,4461227.00,4512041.00,4565909.00,4612542.00,4650631.00
Roanoke,VA,308707.00,308666.00,308589.00,309134.00,310479.00,311878.00,312747.00,313152.00,312647.00,312988.00,313033.00,313222.00
Rochester,MN,206877.00,206888.00,207222.00,208473.00,209547.00,211502.00,212659.00,213933.00,216163.00,217993.00,219814.00,221921.00
Rochester,NY,1079671.00,1079704.00,1079974.00,1081557.00,1081508.00,1081736.00,1080094.00,1077092.00,1074063.00,1071962.00,1071621.00,1069644.00
Rockford,IL,349431.00,349431.00,349184.00,347773.00,345819.00,344692.00,342409.00,340727.00,339635.00,338194.00,337110.00,336116.00
Rocky Mount,NC,152392.00,152368.00,152405.00,151790.00,150862.00,149843.00,149066.00,147529.00,147236.00,146775.00,146078.00,145770.00
Rome,GA,96317.00,96314.00,96431.00,96161.00,95940.00,95880.00,95868.00,96186.00,96698.00,97500.00,97964.00,98498.00
Sacramento-Roseville-Folsom,CA,2149127.00,2149150.00,2153613.00,2172948.00,2190266.00,2210512.00,2235640.00,2263121.00,2291533.00,2319572.00,2341940.00,2363730.00
Saginaw,MI,200169.00,200169.00,199862.00,198899.00,198363.00,196794.00,195248.00,193305.00,192507.00,191965.00,190791.00,190539.00
 Cloud,MN,189093.00,189093.00,189218.00,190090.00,190562.00,191552.00,193109.00,195425.00,196912.00,198436.00,200166.00,201964.00
 George,UT,138115.00,138115.00,138389.00,141249.00,144139.00,146987.00,151081.00,154650.00,159352.00,165929.00,171567.00,177556.00
 Joseph,MO-KS,127329.00,127319.00,127271.00,127700.00,127908.00,127635.00,127261.00,126724.00,126597.00,126323.00,125998.00,125223.00
 Louis,MO-IL,2787701.00,2787751.00,2789989.00,2795155.00,2796682.00,2799472.00,2803430.00,2807503.00,2805502.00,2805758.00,2803958.00,2803228.00
Salem,OR,390738.00,390738.00,391479.00,393978.00,396076.00,398015.00,402092.00,408022.00,416818.00,424242.00,430404.00,433903.00
Salinas,CA,415057.00,415059.00,416373.00,420456.00,424788.00,426712.00,428475.00,430552.00,433953.00,434534.00,433950.00,434061.00
Salisbury,MD,373802.00,373754.00,374821.00,378196.00,381216.00,384567.00,388766.00,393526.00,398676.00,404155.00,409999.00,415726.00
Salt Lake City,UT,1087873.00,1087808.00,1091478.00,1106800.00,1123748.00,1140025.00,1151447.00,1164912.00,1184721.00,1204205.00,1218681.00,1232696.00
San Angelo,TX,112966.00,112968.00,113422.00,114513.00,116071.00,117519.00,119233.00,120390.00,120535.00,120365.00,120834.00,122027.00
San Antonio-New Braunfels,TX,2142508.00,2142520.00,2153009.00,2193923.00,2236981.00,2280002.00,2328894.00,2379232.00,2426276.00,2472121.00,2512379.00,2550960.00
San Diego-Chula Vista-Carlsbad,CA,3095313.00,3095349.00,3103212.00,3137156.00,3174335.00,3209768.00,3248877.00,3280850.00,3306089.00,3321237.00,3333861.00,3338330.00
San Francisco-Oakland-Berkeley,CA,4335391.00,4335593.00,4343634.00,4395725.00,4455473.00,4519636.00,4584981.00,4647924.00,4688198.00,4712421.00,4726314.00,4731803.00
Oakland-Berkeley-Livermore,CA,2559296.00,2559462.00,2565526.00,2596355.00,2631312.00,2672994.00,2716668.00,2758943.00,2788218.00,2805731.00,2817275.00,2824855.00
San Francisco-San Mateo-Redwood City,CA,1523686.00,1523701.00,1525204.00,1543994.00,1568100.00,1588233.00,1607954.00,1628065.00,1639418.00,1646941.00,1649377.00,1648122.00
San Rafael,CA,252409.00,252430.00,252904.00,255376.00,256061.00,258409.00,260359.00,260916.00,260562.00,259749.00,259662.00,258826.00
San Jose-Sunnyvale-Santa Clara,CA,1836911.00,1836951.00,1841556.00,1868031.00,1894452.00,1923664.00,1949578.00,1974501.00,1987593.00,1992674.00,1993804.00,1990660.00
San Luis Obispo-Paso Robles,CA,269637.00,269597.00,269802.00,271058.00,274160.00,275696.00,278227.00,280077.00,281803.00,282481.00,283354.00,283111.00
Santa Cruz-Watsonville,CA,262382.00,262350.00,263147.00,264858.00,266340.00,268816.00,270861.00,273503.00,274396.00,274856.00,273841.00,273213.00
Santa Fe,NM,144170.00,144232.00,144522.00,145847.00,146722.00,147465.00,147782.00,148098.00,148758.00,149491.00,149761.00,150358.00
Santa Maria-Santa Barbara,CA,423895.00,423947.00,424231.00,425453.00,429699.00,434601.00,439045.00,442229.00,444340.00,445298.00,445780.00,446499.00
Santa Rosa-Petaluma,CA,483878.00,483861.00,484755.00,487421.00,489993.00,494073.00,498560.00,500863.00,502547.00,502469.00,498643.00,494336.00
Savannah,GA,347611.00,347597.00,348640.00,355582.00,361745.00,365103.00,371275.00,377827.00,383153.00,386394.00,389453.00,393353.00
Scranton--Wilkes-Barre,PA,563631.00,563604.00,563740.00,563676.00,563704.00,561495.00,560146.00,557734.00,555722.00,555655.00,555215.00,553885.00
Seattle-Tacoma-Bellevue,WA,3439809.00,3439808.00,3449241.00,3503891.00,3558829.00,3612347.00,3675160.00,3739654.00,3816355.00,3885579.00,3935179.00,3979845.00
Seattle-Bellevue-Kent,WA,2644584.00,2644586.00,2653851.00,2696268.00,2743294.00,2791335.00,2842464.00,2895876.00,2953460.00,3005925.00,3041423.00,3074865.00
Tacoma-Lakewood,WA,795225.00,795222.00,795390.00,807623.00,815535.00,821012.00,832696.00,843778.00,862895.00,879654.00,893756.00,904980.00
Sebastian-Vero Beach,FL,138028.00,138028.00,138270.00,139103.00,140473.00,141895.00,144445.00,147434.00,151159.00,154241.00,157187.00,159923.00
Sebring-Avon Park,FL,98786.00,98784.00,98635.00,98477.00,98222.00,98077.00,98584.00,100137.00,102041.00,103852.00,104933.00,106221.00
Sheboygan,WI,115507.00,115512.00,115524.00,115208.00,114767.00,114697.00,114982.00,115196.00,115030.00,115089.00,115233.00,115340.00
Sherman-Denison,TX,120877.00,120877.00,121034.00,121430.00,121854.00,122362.00,123599.00,125628.00,128291.00,131152.00,133787.00,136212.00
Shreveport-Bossier City,LA,398604.00,398606.00,399935.00,403880.00,407435.00,406237.00,404534.00,404000.00,401947.00,400161.00,397281.00,394706.00
Sierra Vista-Douglas,AZ,131346.00,131359.00,131822.00,133097.00,132017.00,129578.00,127314.00,126454.00,125686.00,124864.00,126411.00,125922.00
Sioux City,IA-NE-SD,143577.00,143582.00,143901.00,144171.00,143723.00,143623.00,143590.00,143736.00,143844.00,143165.00,143787.00,144701.00
Sioux Falls,SD,228261.00,228264.00,229099.00,232150.00,237032.00,241772.00,246133.00,250012.00,254602.00,260083.00,263810.00,268232.00
South Bend-Mishawaka,IN-MI,319224.00,319203.00,319044.00,318884.00,318296.00,318639.00,319410.00,319703.00,321144.00,321538.00,322697.00,323613.00
Spartanburg,SC,284307.00,284304.00,284731.00,286102.00,288176.00,290414.00,292981.00,296558.00,300867.00,306740.00,314137.00,319785.00
Spokane-Spokane Valley,WA,514752.00,514752.00,515553.00,516889.00,518930.00,521603.00,526336.00,532163.00,541030.00,550259.00,558827.00,568521.00
Springfield,IL,210170.00,210170.00,210465.00,211736.00,212095.00,211713.00,211692.00,211254.00,210424.00,209365.00,207928.00,206868.00
Springfield,MA,692942.00,693059.00,694935.00,698017.00,699061.00,699964.00,701671.00,700688.00,699804.00,699387.00,700138.00,697382.00
Springfield,MO,436712.00,436756.00,437349.00,440432.00,444329.00,448427.00,451556.00,455593.00,457917.00,462090.00,466273.00,470300.00
Springfield,OH,138333.00,138339.00,138274.00,137811.00,137171.00,136638.00,136311.00,135746.00,134723.00,134549.00,134528.00,134083.00
State College,PA,153990.00,154005.00,154230.00,155067.00,155826.00,158231.00,159653.00,160466.00,162034.00,162316.00,162601.00,162385.00
Staunton,VA,118502.00,118496.00,118314.00,118774.00,118463.00,119110.00,119469.00,120019.00,120747.00,121744.00,122628.00,123120.00
Stockton,CA,685306.00,685306.00,687127.00,694354.00,699593.00,702046.00,711579.00,722271.00,732809.00,743296.00,752491.00,762148.00
Sumter,SC,142427.00,142434.00,142555.00,142018.00,142126.00,142007.00,141877.00,141180.00,141334.00,140443.00,140151.00,140466.00
Syracuse,NY,662577.00,662624.00,663110.00,662482.00,660902.00,661773.00,660085.00,657648.00,654391.00,651164.00,650281.00,648593.00
Tallahassee,FL,367413.00,368771.00,369345.00,371246.00,375272.00,373187.00,375356.00,377602.00,378672.00,383173.00,384318.00,387227.00
 Petersburg-Clearwater,FL,2783243.00,2783485.00,2788366.00,2813269.00,2843636.00,2880536.00,2927395.00,2983928.00,3048963.00,3106922.00,3154649.00,3194831.00
Terre Haute,IN,189764.00,189774.00,189523.00,189541.00,189555.00,189089.00,188240.00,187365.00,187241.00,186846.00,186726.00,186367.00
Texarkana,TX,149198.00,149194.00,149332.00,149515.00,149609.00,149509.00,149229.00,149244.00,149543.00,149567.00,149347.00,148761.00
The Villages,FL,93420.00,93420.00,94278.00,97975.00,101669.00,106898.00,112236.00,117076.00,122009.00,124995.00,128719.00,132420.00
Toledo,OH,651429.00,651435.00,651372.00,650166.00,648750.00,648403.00,647228.00,645973.00,645441.00,644364.00,643089.00,641816.00
Topeka,KS,233870.00,233860.00,234266.00,234696.00,234407.00,233838.00,233717.00,233520.00,233139.00,232994.00,232266.00,231969.00
Trenton-Princeton,NJ,366513.00,367485.00,367713.00,367378.00,368554.00,369429.00,368909.00,368124.00,367699.00,368168.00,368188.00,367430.00
Tucson,AZ,980263.00,980263.00,981620.00,988381.00,993052.00,997127.00,1004229.00,1009103.00,1016707.00,1026391.00,1036554.00,1047279.00
Tulsa,OK,937478.00,937523.00,939833.00,945750.00,952484.00,961904.00,969421.00,980926.00,988706.00,991330.00,993135.00,998626.00
Tuscaloosa,AL,239207.00,239214.00,239481.00,240363.00,242328.00,244378.00,246988.00,249066.00,250099.00,250933.00,251257.00,252047.00
Twin Falls,ID,99604.00,99596.00,99987.00,100620.00,101128.00,102662.00,103912.00,105216.00,107252.00,109142.00,110095.00,111290.00
Tyler,TX,209714.00,209725.00,210408.00,212764.00,214811.00,216475.00,219642.00,222390.00,225161.00,227195.00,229749.00,232751.00
Urban Honolulu,HI,953207.00,953206.00,956285.00,967336.00,977994.00,986059.00,987414.00,991064.00,992268.00,986353.00,979858.00,974563.00
Utica-Rome,NY,299397.00,299329.00,299226.00,298604.00,297992.00,297230.00,295982.00,293916.00,292811.00,292174.00,291187.00,289990.00
Valdosta,GA,139588.00,139662.00,140054.00,142007.00,144121.00,142937.00,143433.00,143311.00,144471.00,145360.00,146143.00,147292.00
Vallejo,CA,413344.00,413343.00,413967.00,416342.00,419674.00,423659.00,429006.00,433409.00,438858.00,443511.00,445725.00,447643.00
Victoria,TX,94003.00,94003.00,94102.00,94765.00,96447.00,97518.00,98548.00,99649.00,99914.00,99597.00,99466.00,99742.00
Vineland-Bridgeton,NJ,156898.00,156627.00,156699.00,157043.00,156934.00,156098.00,156009.00,154712.00,153233.00,151423.00,150635.00,149527.00
Virginia Beach-Norfolk-Newport News,VA-NC,1713954.00,1713955.00,1717036.00,1723208.00,1734121.00,1741366.00,1750937.00,1756340.00,1758763.00,1760926.00,1763713.00,1768901.00
Visalia,CA,442179.00,442182.00,442969.00,446784.00,449779.00,452460.00,455138.00,457161.00,459235.00,462308.00,464589.00,466195.00
Waco,TX,252772.00,252766.00,253808.00,255700.00,256938.00,258685.00,260376.00,262660.00,264829.00,268971.00,271427.00,273920.00
Walla Walla,WA,58781.00,58781.00,58915.00,59444.00,59329.00,59361.00,59510.00,59932.00,60008.00,60512.00,60615.00,60760.00
Warner Robins,GA,167595.00,167626.00,168508.00,171561.00,173592.00,174689.00,175717.00,176293.00,178507.00,180163.00,182886.00,185409.00
Washington-Arlington-Alexandria,DC-VA-MD-WV,5649540.00,5649688.00,5678491.00,5782319.00,5878942.00,5963312.00,6031945.00,6093950.00,6149301.00,6211341.00,6247841.00,6280487.00
Frederick-Gaithersburg-Rockville,MD,1205162.00,1204687.00,1209820.00,1228469.00,1244724.00,1256301.00,1267998.00,1277815.00,1285845.00,1297444.00,1303421.00,1310235.00
Washington-Arlington-Alexandria,DC-VA-MD-WV,4444378.00,4445001.00,4468671.00,4553850.00,4634218.00,4707011.00,4763947.00,4816135.00,4863456.00,4913897.00,4944420.00,4970252.00
Waterloo-Cedar Falls,IA,167819.00,167819.00,167920.00,168443.00,168811.00,169853.00,170450.00,170852.00,170110.00,169359.00,168936.00,168522.00
Watertown-Fort Drum,NY,116229.00,116232.00,116592.00,117752.00,120235.00,118490.00,117971.00,116371.00,112980.00,113157.00,111866.00,109834.00
Wausau-Weston,WI,162806.00,162804.00,162829.00,162844.00,162870.00,163189.00,163241.00,163181.00,162935.00,163203.00,163094.00,163285.00
Weirton-Steubenville,WV-OH,124454.00,124455.00,124329.00,123482.00,122680.00,122139.00,121507.00,120665.00,119269.00,118074.00,116982.00,116074.00
Wenatchee,WA,110884.00,110887.00,111264.00,111876.00,112669.00,113110.00,113894.00,115586.00,117221.00,118325.00,119501.00,120629.00
Wheeling,WV,147950.00,147957.00,147899.00,147260.00,146527.00,145938.00,144968.00,144157.00,142955.00,141255.00,140059.00,138948.00
Wichita,KS,623061.00,623061.00,623887.00,625327.00,628159.00,630365.00,632810.00,635551.00,637653.00,637511.00,637519.00,640218.00
Wichita Falls,TX,151306.00,151474.00,151649.00,150311.00,151040.00,151448.00,151867.00,150083.00,150327.00,150956.00,150955.00,151254.00
Williamsport,PA,116111.00,116102.00,116225.00,116748.00,117222.00,116598.00,116290.00,115598.00,114876.00,114012.00,113866.00,113299.00
Wilmington,NC,254884.00,254879.00,255699.00,259141.00,262759.00,267700.00,271863.00,276848.00,283580.00,289447.00,294273.00,297533.00
Winchester,VA,128472.00,128452.00,128652.00,129954.00,130910.00,132278.00,133526.00,134284.00,135739.00,138020.00,139492.00,140566.00
Winston-Salem,NC,640595.00,640503.00,641245.00,644266.00,646794.00,649901.00,653250.00,656277.00,661024.00,666640.00,671129.00,676008.00
Worcester,MA,916980.00,916763.00,918935.00,922378.00,924856.00,928346.00,932278.00,934604.00,936422.00,942147.00,946113.00,947404.00
Yakima,WA,243231.00,243240.00,244256.00,245926.00,246127.00,246485.00,246870.00,247800.00,249327.00,249922.00,250562.00,250873.00
York-Hanover,PA,434972.00,435015.00,435413.00,436701.00,437466.00,438932.00,440475.00,441741.00,443693.00,445484.00,447847.00,449058.00
Youngstown-Warren-Boardman,OH-PA,565773.00,565782.00,564826.00,562347.00,558530.00,555850.00,553039.00,548798.00,544582.00,541545.00,538226.00,536081.00
Yuba City,CA,166892.00,166898.00,167099.00,166971.00,166963.00,167597.00,168311.00,169327.00,170694.00,172782.00,173905.00,175639.00
Yuma,AZ,195751.00,195750.00,197127.00,202841.00,202475.00,202420.00,204054.00,205186.00,207247.00,209507.00,211612.00,213787.00