Year,Days with AQI,Good Days,Moderate Days,Unhealthy for Sensitive Groups Days,Unhealthy Days,Very Unhealthy Days,Hazardous Days,Max AQI,90th Percentile AQI,Median AQI,Days CO,Days NO2,Days Ozone,Days SO2,Days PM2.5,Days PM10,Level of Concern,City,State
2020,183,158,24,1,0,0,0,103,57,26,4,0,0,0,110,69,Good,Anchorage, AK
2020,183,132,41,3,7,0,0,167,89,35,1,0,81,1,97,3,Good,Fairbanks, AK
2020,177,174,3,0,0,0,0,66,35,13,0,0,0,0,161,16,Good,Juneau, AK
2020,245,145,97,3,0,0,0,129,67,47,1,1,93,7,143,0,Good,Birmingham, AL
2020,168,159,9,0,0,0,0,74,48,37,0,0,130,0,38,0,Good,Daphne, AL
2020,202,181,21,0,0,0,0,71,51,34,0,0,111,0,91,0,Good,Decatur, AL
2020,168,159,9,0,0,0,0,74,48,37,0,0,130,0,38,0,Good,Fairhope, AL
2020,168,159,9,0,0,0,0,74,48,37,0,0,130,0,38,0,Good,Foley, AL
2020,242,234,8,0,0,0,0,90,46,37,0,0,230,0,12,0,Good,Fort Payne, AL
2020,169,161,8,0,0,0,0,92,46,35,0,0,137,0,32,0,Good,Gadsden, AL
2020,245,145,97,3,0,0,0,129,67,47,1,1,93,7,143,0,Good,Hoover, AL
2020,182,158,24,0,0,0,0,88,54,40,0,0,79,0,103,0,Good,Huntsville, AL
2020,203,184,19,0,0,0,0,68,50,35,0,0,101,3,99,0,Good,Mobile, AL
2020,209,103,104,2,0,0,0,116,67,51,0,0,31,0,178,0,Moderate,Montgomery, AL
2020,165,159,6,0,0,0,0,97,45,33,0,0,133,0,32,0,Good,Tuscaloosa, AL
2020,221,220,1,0,0,0,0,67,41,31,0,0,221,0,0,0,Good,Arkadelphia, AR
2020,275,207,66,2,0,0,0,132,59,42,1,4,138,0,132,0,Good,Conway, AR
2020,91,79,12,0,0,0,0,89,52,33,0,0,0,0,91,0,Good,El Dorado, AR
2020,274,236,37,1,0,0,0,150,54,40,0,0,194,0,80,0,Good,Fayetteville, AR
2020,211,194,16,1,0,0,0,141,49,34,0,11,107,0,93,0,Good,Fort Smith, AR
2020,271,266,5,0,0,0,0,84,45,36,0,0,271,0,0,0,Good,Harrison, AR
2020,91,80,11,0,0,0,0,83,52,28,0,0,0,0,91,0,Good,Hot Springs, AR
2020,275,207,66,2,0,0,0,132,59,42,1,4,138,0,132,0,Good,Little Rock, AR
2020,275,207,66,2,0,0,0,132,59,42,1,4,138,0,132,0,Good,North Little Rock, AR
2020,274,236,37,1,0,0,0,150,54,40,0,0,194,0,80,0,Good,Rogers, AR
2020,274,236,37,1,0,0,0,150,54,40,0,0,194,0,80,0,Good,Springdale, AR
2020,274,210,62,2,0,0,0,108,64,45,0,0,231,0,0,43,Good,Douglas, AZ
2020,274,227,47,0,0,0,0,93,58,45,0,0,274,0,0,0,Good,Flagstaff, AZ
2020,267,262,4,1,0,0,0,116,34,19,0,0,0,0,3,264,Good,Kingman, AZ
2020,267,262,4,1,0,0,0,116,34,19,0,0,0,0,3,264,Good,Lake Havasu City, AZ
2020,275,51,179,42,3,0,0,199,110,68,1,1,174,0,46,53,Moderate,Mesa, AZ
2020,271,213,56,1,1,0,0,165,60,30,0,0,0,0,146,125,Good,Nogales, AZ
2020,274,160,101,10,3,0,0,174,81,49,0,0,230,32,0,12,Good,Payson, AZ
2020,275,51,179,42,3,0,0,199,110,68,1,1,174,0,46,53,Moderate,Phoenix, AZ
2020,271,205,65,1,0,0,0,119,64,46,0,0,271,0,0,0,Good,Prescott, AZ
2020,275,51,179,42,3,0,0,199,110,68,1,1,174,0,46,53,Moderate,Scottsdale, AZ
2020,272,229,42,1,0,0,0,136,58,44,0,0,243,0,0,29,Good,Show Low, AZ
2020,274,210,62,2,0,0,0,108,64,45,0,0,231,0,0,43,Good,Sierra Vista, AZ
2020,275,131,133,11,0,0,0,126,80,51,1,0,192,0,11,71,Moderate,Tucson, AZ
2020,274,206,68,0,0,0,0,99,67,44,0,0,198,0,45,31,Good,Yuma, AZ
2020,183,58,87,25,11,2,0,206,140,62,1,17,106,0,57,2,Moderate,Anaheim, CA
2020,273,148,108,8,8,1,0,222,90,49,0,1,202,0,70,0,Good,Arcade, CA
2020,273,266,7,0,0,0,0,64,35,27,0,0,223,1,35,14,Good,Arcata, CA
2020,273,148,108,8,8,1,0,222,90,49,0,1,202,0,70,0,Good,Arden, CA
2020,182,132,50,0,0,0,0,93,64,43,0,0,131,0,40,11,Good,Arroyo Grande, CA
2020,214,89,116,8,1,0,0,197,90,55,1,0,140,0,67,6,Moderate,Bakersfield, CA
2020,274,163,94,14,1,0,2,458,89,46,0,0,222,0,1,51,Good,Bishop, CA
2020,214,67,138,7,2,0,0,154,84,60,1,2,92,0,118,1,Moderate,Carlsbad, CA
2020,214,146,68,0,0,0,0,93,67,43,1,0,166,0,47,0,Good,Chico, CA
2020,172,172,0,0,0,0,0,48,40,30,0,0,165,0,5,2,Good,Clearlake, CA
2020,305,93,169,36,6,0,1,543,109,64,0,0,146,0,90,69,Moderate,Corcoran, CA
2020,170,146,18,3,2,1,0,220,54,30,0,0,0,0,170,0,Good,Crescent City, CA
2020,197,130,65,2,0,0,0,124,71,42,0,0,36,0,134,27,Good,El Centro, CA
2020,273,266,7,0,0,0,0,64,35,27,0,0,223,1,35,14,Good,Eureka, CA
2020,274,233,34,7,0,0,0,142,58,38,0,0,206,0,68,0,Good,Fairfield, CA
2020,273,266,7,0,0,0,0,64,35,27,0,0,223,1,35,14,Good,Fortuna, CA
2020,274,87,135,36,16,0,0,198,122,64,0,1,175,0,91,7,Moderate,Fresno, CA
2020,305,214,59,15,13,4,0,252,108,42,0,0,203,0,102,0,Good,Grass Valley, CA
2020,305,93,169,36,6,0,1,543,109,64,0,0,146,0,90,69,Moderate,Hanford, CA
2020,215,146,61,3,5,0,0,174,64,43,2,8,106,0,99,0,Good,Hayward, CA
2020,274,185,73,4,12,0,0,195,83,44,0,0,151,0,107,16,Good,Lodi, CA
2020,183,58,87,25,11,2,0,206,140,62,1,17,106,0,57,2,Moderate,Long Beach, CA
2020,183,58,87,25,11,2,0,206,140,62,1,17,106,0,57,2,Moderate,Los Angeles, CA
2020,212,122,87,3,0,0,0,143,71,48,0,0,153,0,59,0,Good,Madera, CA
2020,274,147,102,13,12,0,0,183,99,49,0,0,173,0,101,0,Good,Merced, CA
2020,274,139,108,14,13,0,0,184,97,50,0,1,184,0,88,1,Good,Modesto, CA
2020,215,192,18,5,0,0,0,140,52,34,2,0,146,0,67,0,Good,Napa, CA
2020,215,146,61,3,5,0,0,174,64,43,2,8,106,0,99,0,Good,Oakland, CA
2020,305,56,165,54,22,6,2,576,150,77,0,5,175,0,72,53,Moderate,Ontario, CA
2020,274,178,80,13,3,0,0,153,87,46,0,0,248,0,26,0,Good,Oxnard, CA
2020,182,132,50,0,0,0,0,93,64,43,0,0,131,0,40,11,Good,Paso Robles, CA
2020,244,71,100,62,9,2,0,209,136,66,0,0,163,0,81,0,Moderate,Porterville, CA
2020,213,170,43,0,0,0,0,93,61,41,0,0,181,0,32,0,Good,Red Bluff, CA
2020,241,220,20,1,0,0,0,115,50,40,0,0,236,0,5,0,Good,Redding, CA
2020,305,56,165,54,22,6,2,576,150,77,0,5,175,0,72,53,Moderate,Riverside, CA
2020,273,148,108,8,8,1,0,222,90,49,0,1,202,0,70,0,Good,Roseville, CA
2020,273,148,108,8,8,1,0,222,90,49,0,1,202,0,70,0,Good,Sacramento, CA
2020,183,172,11,0,0,0,0,83,45,35,1,0,151,0,30,1,Good,Salinas, CA
2020,305,56,165,54,22,6,2,576,150,77,0,5,175,0,72,53,Moderate,San Bernardino, CA
2020,214,67,138,7,2,0,0,154,84,60,1,2,92,0,118,1,Moderate,San Diego, CA
2020,215,146,61,3,5,0,0,174,64,43,2,8,106,0,99,0,Good,San Francisco, CA
2020,245,196,42,5,2,0,0,163,65,40,1,2,173,0,68,1,Good,San Jose, CA
2020,182,132,50,0,0,0,0,93,64,43,0,0,131,0,40,11,Good,San Luis Obispo, CA
2020,245,218,27,0,0,0,0,93,52,39,1,0,208,0,36,0,Good,Santa Barbara, CA
2020,245,196,42,5,2,0,0,163,65,40,1,2,173,0,68,1,Good,Santa Clara, CA
2020,182,181,1,0,0,0,0,54,40,33,0,0,139,0,43,0,Good,Santa Cruz, CA
2020,245,218,27,0,0,0,0,93,52,39,1,0,208,0,36,0,Good,Santa Maria, CA
2020,245,233,12,0,0,0,0,97,43,32,1,0,173,0,70,1,Good,Santa Rosa, CA
2020,203,172,31,0,0,0,0,90,54,41,0,0,203,0,0,0,Good,Sonora, CA
2020,274,185,73,4,12,0,0,195,83,44,0,0,151,0,107,16,Good,Stockton, CA
2020,245,196,42,5,2,0,0,163,65,40,1,2,173,0,68,1,Good,Sunnyvale, CA
2020,274,178,80,13,3,0,0,153,87,46,0,0,248,0,26,0,Good,Thousand Oaks, CA
2020,305,214,59,15,13,4,0,252,108,42,0,0,203,0,102,0,Good,Truckee, CA
2020,91,74,17,0,0,0,0,66,56,35,0,0,32,0,59,0,Good,Ukiah, CA
2020,274,233,34,7,0,0,0,142,58,38,0,0,206,0,68,0,Good,Vallejo, CA
2020,274,178,80,13,3,0,0,153,87,46,0,0,248,0,26,0,Good,Ventura, CA
2020,244,71,100,62,9,2,0,209,136,66,0,0,163,0,81,0,Moderate,Visalia, CA
2020,182,181,1,0,0,0,0,54,40,33,0,0,139,0,43,0,Good,Watsonville, CA
2020,213,162,50,0,1,0,0,159,61,43,0,0,149,0,63,1,Good,Yuba City, CA
2020,273,148,108,8,8,1,0,222,90,49,0,1,202,0,70,0,Good,, CA
2020,273,148,108,8,8,1,0,222,90,49,0,1,202,0,70,0,Good,, CA
2020,285,89,165,27,4,0,0,161,103,59,0,31,175,0,63,16,Moderate,Aurora, CO
2020,277,162,99,15,1,0,0,161,84,48,0,0,208,0,68,1,Good,Boulder, CO
2020,12,12,0,0,0,0,0,27,20,12,0,0,0,0,0,12,Good,Ca¤on City, CO
2020,275,183,85,6,1,0,0,151,74,46,0,0,238,0,36,1,Good,Colorado Springs, CO
2020,285,89,165,27,4,0,0,161,103,59,0,31,175,0,63,16,Moderate,Denver, CO
2020,238,194,44,0,0,0,0,90,58,44,0,2,233,0,3,0,Good,Durango, CO
2020,270,155,104,11,0,0,0,146,87,49,0,0,236,0,34,0,Good,Fort Collins, CO
2020,201,143,58,0,0,0,0,97,71,47,0,0,181,0,0,20,Good,Glenwood Springs, CO
2020,277,243,34,0,0,0,0,99,54,42,0,0,156,0,100,21,Good,Grand Junction, CO
2020,276,165,101,10,0,0,0,140,84,48,0,0,201,0,75,0,Good,Greeley, CO
2020,285,89,165,27,4,0,0,161,103,59,0,31,175,0,63,16,Moderate,Lakewood, CO
2020,68,65,3,0,0,0,0,63,43,18,0,0,0,0,42,26,Good,Pueblo, CO
2020,257,253,4,0,0,0,0,68,30,13,0,0,0,0,0,257,Good,Steamboat Springs, CO
2020,182,137,43,2,0,0,0,143,63,44,0,9,112,0,61,0,Good,Bridgeport, CT
2020,183,154,29,0,0,0,0,97,55,41,1,12,124,0,46,0,Good,East Hartford, CT
2020,183,154,29,0,0,0,0,97,55,41,1,12,124,0,46,0,Good,Hartford, CT
2020,183,142,40,1,0,0,0,101,61,42,2,3,129,0,48,1,Good,Milford, CT
2020,183,142,40,1,0,0,0,101,61,42,2,3,129,0,48,1,Good,New Haven, CT
2020,181,164,17,0,0,0,0,87,50,39,0,0,108,0,73,0,Good,New London, CT
2020,182,137,43,2,0,0,0,143,63,44,0,9,112,0,61,0,Good,Norwalk, CT
2020,181,164,17,0,0,0,0,87,50,39,0,0,108,0,73,0,Good,Norwich, CT
2020,182,137,43,2,0,0,0,143,63,44,0,9,112,0,61,0,Good,Stamford, CT
2020,183,168,15,0,0,0,0,84,48,39,1,0,170,0,12,0,Good,Torrington, CT
2020,183,154,29,0,0,0,0,97,55,41,1,12,124,0,46,0,Good,West Hartford, CT
2020,305,251,52,1,1,0,0,166,55,42,0,19,215,0,71,0,Good,Alexandria, DC
2020,305,251,52,1,1,0,0,166,55,42,0,19,215,0,71,0,Good,Arlington, DC
2020,305,251,52,1,1,0,0,166,55,42,0,19,215,0,71,0,Good,Washington, DC
2020,182,166,16,0,0,0,0,80,48,39,0,0,147,0,35,0,Good,Dover, DE
2020,182,149,33,0,0,0,0,97,56,42,0,0,123,0,59,0,Good,Bradenton, FL
2020,182,127,55,0,0,0,0,84,58,46,0,0,102,0,80,0,Good,Brent, FL
2020,182,157,25,0,0,0,0,100,54,41,0,0,134,0,48,0,Good,Cape Coral, FL
2020,183,125,55,3,0,0,0,112,64,45,1,0,94,4,80,4,Good,Clearwater, FL
2020,181,175,6,0,0,0,0,74,47,36,0,0,165,0,0,16,Good,Crestview, FL
2020,182,160,22,0,0,0,0,77,53,42,0,0,115,0,67,0,Good,Daytona Beach, FL
2020,182,160,22,0,0,0,0,77,53,42,0,0,115,0,67,0,Good,Deltona, FL
2020,181,175,6,0,0,0,0,74,47,36,0,0,165,0,0,16,Good,Destin, FL
2020,182,127,55,0,0,0,0,84,58,46,0,0,102,0,80,0,Good,Ferry Pass, FL
2020,183,115,68,0,0,0,0,93,64,46,1,0,84,0,96,2,Good,Fort Lauderdale, FL
2020,182,157,25,0,0,0,0,100,54,41,0,0,134,0,48,0,Good,Fort Myers, FL
2020,181,175,6,0,0,0,0,74,47,36,0,0,165,0,0,16,Good,Fort Walton Beach, FL
2020,182,156,25,1,0,0,0,105,53,39,0,0,122,0,60,0,Good,Gainesville, FL
2020,179,154,24,1,0,0,0,125,53,34,0,0,0,5,174,0,Good,Homosassa Springs, FL
2020,181,151,30,0,0,0,0,84,54,40,0,0,100,0,81,0,Good,Immokalee, FL
2020,183,129,52,2,0,0,0,140,59,45,1,0,80,10,92,0,Good,Jacksonville, FL
2020,183,151,32,0,0,0,0,93,56,42,1,0,136,0,46,0,Good,Kissimmee, FL
2020,130,109,18,1,2,0,0,158,54,40,0,0,60,0,70,0,Good,Lake City, FL
2020,182,146,36,0,0,0,0,87,57,41,0,0,116,1,65,0,Good,Lakeland, FL
2020,181,151,30,0,0,0,0,84,54,40,0,0,100,0,81,0,Good,Marco Island, FL
2020,182,157,25,0,0,0,0,80,54,41,0,0,133,0,49,0,Good,Melbourne, FL
2020,183,115,68,0,0,0,0,93,64,46,1,0,84,0,96,2,Good,Miami, FL
2020,181,151,30,0,0,0,0,84,54,40,0,0,100,0,81,0,Good,Naples, FL
2020,182,149,33,0,0,0,0,97,56,42,0,0,123,0,59,0,Good,North Port, FL
2020,182,142,40,0,0,0,0,100,57,43,0,0,107,0,75,0,Good,Ocala, FL
2020,183,151,32,0,0,0,0,93,56,42,1,0,136,0,46,0,Good,Orlando, FL
2020,182,160,22,0,0,0,0,77,53,42,0,0,115,0,67,0,Good,Ormond Beach, FL
2020,182,181,1,0,0,0,0,67,31,17,0,0,0,1,0,181,Good,Palatka, FL
2020,182,157,25,0,0,0,0,80,54,41,0,0,133,0,49,0,Good,Palm Bay, FL
2020,179,152,25,2,0,0,0,146,54,40,0,0,121,0,58,0,Good,Panama City, FL
2020,182,127,55,0,0,0,0,84,58,46,0,0,102,0,80,0,Good,Pensacola, FL
2020,182,155,27,0,0,0,0,84,52,41,0,0,120,0,62,0,Good,Port St. Lucie, FL
2020,183,151,32,0,0,0,0,93,56,42,1,0,136,0,46,0,Good,Sanford, FL
2020,182,149,33,0,0,0,0,97,56,42,0,0,123,0,59,0,Good,Sarasota, FL
2020,238,224,14,0,0,0,0,87,48,37,0,0,238,0,0,0,Good,Sebastian, FL
2020,176,163,13,0,0,0,0,74,48,37,0,0,176,0,0,0,Good,Sebring, FL
2020,183,125,55,3,0,0,0,112,64,45,1,0,94,4,80,4,Good,St. Petersburg, FL
2020,183,133,47,1,2,0,0,161,60,44,1,0,71,0,111,0,Good,Tallahassee, FL
2020,183,125,55,3,0,0,0,112,64,45,1,0,94,4,80,4,Good,Tampa, FL
2020,182,157,25,0,0,0,0,80,54,41,0,0,133,0,49,0,Good,Titusville, FL
2020,238,224,14,0,0,0,0,87,48,37,0,0,238,0,0,0,Good,Vero Beach, FL
2020,183,115,68,0,0,0,0,93,64,46,1,0,84,0,96,2,Good,West Palm Beach, FL
2020,182,146,36,0,0,0,0,87,57,41,0,0,116,1,65,0,Good,Winter Haven, FL
2020,244,182,60,2,0,0,0,114,63,37,0,0,0,0,244,0,Good,Albany, GA
2020,212,209,3,0,0,0,0,64,45,34,0,0,212,0,0,0,Good,Americus, GA
2020,244,219,25,0,0,0,0,99,51,37,0,0,109,0,135,0,Good,Athens, GA
2020,275,192,80,3,0,0,0,125,64,44,1,11,146,0,117,0,Good,Atlanta, GA
2020,274,212,58,4,0,0,0,115,57,43,0,0,119,17,138,0,Good,Augusta, GA
2020,234,229,5,0,0,0,0,96,44,31,0,0,190,0,44,0,Good,Brunswick, GA
2020,244,219,25,0,0,0,0,99,51,37,0,0,109,0,135,0,Good,Clarke County, GA
2020,274,230,43,1,0,0,0,101,55,36,0,0,127,0,147,0,Good,Columbus, GA
2020,198,187,10,1,0,0,0,139,48,37,0,0,181,0,17,0,Good,Dalton, GA
2020,80,78,1,1,0,0,0,108,42,25,0,0,0,0,80,0,Good,Douglas, GA
2020,238,200,38,0,0,0,0,98,56,33,0,0,0,0,238,0,Good,Gainesville, GA
2020,274,245,29,0,0,0,0,97,51,35,0,0,137,0,137,0,Good,Macon, GA
2020,274,212,58,4,0,0,0,115,57,43,0,0,119,17,138,0,Good,Richmond County, GA
2020,274,246,28,0,0,0,0,80,51,29,0,0,0,69,205,0,Good,Rome, GA
2020,275,192,80,3,0,0,0,125,64,44,1,11,146,0,117,0,Good,Roswell, GA
2020,275,192,80,3,0,0,0,125,64,44,1,11,146,0,117,0,Good,Sandy Springs, GA
2020,274,239,33,2,0,0,0,131,53,38,0,0,109,33,132,0,Good,Savannah, GA
2020,214,213,1,0,0,0,0,58,43,32,0,0,214,0,0,0,Good,Summerville, GA
2020,119,105,13,1,0,0,0,141,54,29,0,0,0,0,119,0,Good,Valdosta, GA
2020,241,201,39,1,0,0,0,114,57,35,0,0,0,0,241,0,Good,Warner Robins, GA
2020,244,242,2,0,0,0,0,58,27,13,0,0,0,25,219,0,Good,Hilo, HI
2020,170,168,2,0,0,0,0,56,23,15,0,0,0,0,170,0,Good,Kahului, HI
2020,182,182,0,0,0,0,0,41,31,14,0,24,0,0,158,0,Good,Kapaa, HI
2020,170,168,2,0,0,0,0,56,23,15,0,0,0,0,170,0,Good,Lahaina, HI
2020,183,176,7,0,0,0,0,82,41,31,1,0,157,19,6,0,Good,Honolulu, HI
2020,170,168,2,0,0,0,0,56,23,15,0,0,0,0,170,0,Good,Wailuku, HI
2020,305,257,48,0,0,0,0,87,54,37,0,0,170,0,135,0,Good,Cedar Falls, IA
2020,305,231,73,1,0,0,0,105,58,39,0,0,132,8,165,0,Good,Cedar Rapids, IA
2020,304,244,60,0,0,0,0,87,58,38,0,0,178,1,125,0,Good,Clinton, IA
2020,306,194,109,2,1,0,0,155,64,45,1,0,109,0,110,86,Good,Davenport, IA
2020,305,263,40,0,2,0,0,186,54,36,0,6,187,0,112,0,Good,Des Moines, IA
2020,91,82,9,0,0,0,0,60,50,30,0,0,0,0,91,0,Good,Fort Madison, IA
2020,301,243,58,0,0,0,0,89,56,33,0,0,0,0,301,0,Good,Iowa City, IA
2020,91,82,9,0,0,0,0,60,50,30,0,0,0,0,91,0,Good,Keokuk, IA
2020,93,93,0,0,0,0,0,47,35,17,0,0,0,0,0,93,Good,Mason City, IA
2020,306,194,109,2,1,0,0,155,64,45,1,0,109,0,110,86,Good,Moline, IA
2020,305,269,35,1,0,0,0,124,52,29,0,0,0,4,296,5,Good,Muscatine, IA
2020,306,194,109,2,1,0,0,155,64,45,1,0,109,0,110,86,Good,Rock Island, IA
2020,213,185,27,1,0,0,0,141,54,38,0,0,146,0,63,4,Good,Sioux City, IA
2020,305,257,48,0,0,0,0,87,54,37,0,0,170,0,135,0,Good,Waterloo, IA
2020,305,263,40,0,2,0,0,186,54,36,0,6,187,0,112,0,Good,West Des Moines, IA
2020,183,148,35,0,0,0,0,76,59,42,1,2,99,0,78,3,Good,Boise City, ID
2020,180,180,0,0,0,0,0,40,25,13,0,0,0,0,180,0,Good,Coeur d'Alene, ID
2020,182,182,0,0,0,0,0,48,20,12,0,0,0,0,182,0,Good,Hailey, ID
2020,244,221,22,1,0,0,0,126,50,42,0,0,233,0,11,0,Good,Idaho Falls, ID
2020,274,223,43,1,5,1,1,321,57,28,0,0,0,0,274,0,Good,Lewiston, ID
2020,182,182,0,0,0,0,0,28,23,14,0,0,0,0,182,0,Good,Moscow, ID
2020,182,154,27,1,0,0,0,104,54,40,0,0,69,72,27,14,Good,Pocatello, ID
2020,182,179,3,0,0,0,0,59,39,23,0,0,0,0,176,6,Good,Sandpoint, ID
2020,213,213,0,0,0,0,0,37,23,15,0,0,0,0,213,0,Good,Twin Falls, ID
2020,272,211,58,3,0,0,0,136,58,42,0,0,154,0,118,0,Good,Bloomington, IL
2020,274,226,46,2,0,0,0,126,55,40,0,0,185,0,89,0,Good,Champaign, IL
2020,274,91,157,21,5,0,0,197,100,56,0,6,103,15,131,19,Moderate,Chicago, IL
2020,274,215,59,0,0,0,0,90,55,42,0,0,119,40,115,0,Good,Decatur, IL
2020,135,125,10,0,0,0,0,84,48,38,0,0,135,0,0,0,Good,Effingham, IL
2020,274,91,157,21,5,0,0,197,100,56,0,6,103,15,131,19,Moderate,Elgin, IL
2020,261,206,54,1,0,0,0,118,56,41,0,0,139,0,122,0,Good,Mount Vernon, IL
2020,274,91,157,21,5,0,0,197,100,56,0,6,103,15,131,19,Moderate,Naperville, IL
2020,253,253,0,0,0,0,0,26,1,0,0,0,0,253,0,0,Good,Ottawa, IL
2020,274,233,40,1,0,0,0,115,55,41,0,0,193,0,81,0,Good,Peoria, IL
2020,253,253,0,0,0,0,0,26,1,0,0,0,0,253,0,0,Good,Peru, IL
2020,213,189,24,0,0,0,0,84,51,39,0,0,213,0,0,0,Good,Quincy, IL
2020,274,213,60,1,0,0,0,101,60,40,0,0,132,0,142,0,Good,Rockford, IL
2020,272,235,37,0,0,0,0,97,54,41,0,0,179,0,93,0,Good,Springfield, IL
2020,274,226,46,2,0,0,0,126,55,40,0,0,185,0,89,0,Good,Urbana, IL
2020,275,153,118,4,0,0,0,115,69,48,1,0,134,0,137,3,Good,Anderson, IN
2020,274,239,35,0,0,0,0,90,52,39,0,0,189,0,85,0,Good,Bloomington, IN
2020,275,153,118,4,0,0,0,115,69,48,1,0,134,0,137,3,Good,Carmel, IN
2020,274,241,33,0,0,0,0,97,53,38,0,0,221,0,53,0,Good,Columbus, IN
2020,274,244,28,0,2,0,0,158,51,37,0,0,198,0,76,0,Good,Elkhart, IN
2020,275,211,59,5,0,0,0,114,71,41,1,0,181,35,58,0,Good,Evansville, IN
2020,274,190,82,2,0,0,0,120,61,44,0,0,134,0,140,0,Good,Fort Wayne, IN
2020,274,244,28,0,2,0,0,158,51,37,0,0,198,0,76,0,Good,Goshen, IN
2020,275,153,118,4,0,0,0,115,69,48,1,0,134,0,137,3,Good,Indianapolis, IN
2020,93,80,13,0,0,0,0,67,54,32,0,0,0,0,91,2,Good,Jasper, IN
2020,274,237,36,1,0,0,0,108,53,39,0,0,209,0,65,0,Good,Kokomo, IN
2020,274,224,43,6,1,0,0,154,67,39,0,0,249,0,25,0,Good,La Porte, IN
2020,274,200,74,0,0,0,0,100,57,43,0,0,151,0,123,0,Good,Lafayette, IN
2020,274,224,43,6,1,0,0,154,67,39,0,0,249,0,25,0,Good,Michigan City, IN
2020,274,210,59,4,1,0,0,162,62,42,0,1,200,0,73,0,Good,Mishawaka, IN
2020,273,242,31,0,0,0,0,97,53,37,0,0,242,0,31,0,Good,Muncie, IN
2020,89,80,9,0,0,0,0,63,51,29,0,0,0,0,89,0,Good,New Castle, IN
2020,274,210,59,4,1,0,0,162,62,42,0,1,200,0,73,0,Good,South Bend, IN
2020,274,231,42,1,0,0,0,112,54,39,0,0,194,0,80,0,Good,Terre Haute, IN
2020,233,211,21,1,0,0,0,105,50,37,0,0,233,0,0,0,Good,Vincennes, IN
2020,242,217,25,0,0,0,0,97,51,38,0,0,242,0,0,0,Good,Wabash, IN
2020,270,270,0,0,0,0,0,19,4,0,0,0,0,270,0,0,Good,Washington, IN
2020,274,200,74,0,0,0,0,100,57,43,0,0,151,0,123,0,Good,West Lafayette, IN
2020,155,154,1,0,0,0,0,67,25,10,0,0,0,0,0,155,Good,Dodge City, KS
2020,20,20,0,0,0,0,0,30,28,14,0,0,0,0,20,0,Good,Emporia, KS
2020,182,146,33,1,2,0,0,169,58,41,0,0,111,0,71,0,Good,Topeka, KS
2020,182,144,34,4,0,0,0,117,60,41,0,1,131,0,49,1,Good,Wichita, KS
2020,245,218,27,0,0,0,0,97,51,38,3,0,173,0,69,0,Good,Bowling Green, KY
2020,182,162,20,0,0,0,0,80,51,39,0,0,98,0,84,0,Good,Elizabethtown, KY
2020,187,169,18,0,0,0,0,80,50,38,0,7,96,0,79,5,Good,Fayette, KY
2020,182,162,20,0,0,0,0,80,51,39,0,0,98,0,84,0,Good,Fort Knox, KY
2020,187,169,18,0,0,0,0,80,50,38,0,7,96,0,79,5,Good,Lexington, KY
2020,274,203,70,1,0,0,0,143,59,44,0,4,156,0,114,0,Good,Louisville, KY
2020,131,128,3,0,0,0,0,55,47,38,0,0,117,0,14,0,Good,Middlesborough, KY
2020,182,154,27,1,0,0,0,105,54,39,0,2,96,0,84,0,Good,Owensboro, KY
2020,188,155,31,2,0,0,0,111,58,40,0,5,97,0,80,6,Good,Paducah, KY
2020,142,134,8,0,0,0,0,64,48,38,0,0,118,0,24,0,Good,Somerset, KY
2020,61,57,3,1,0,0,0,103,47,22,0,0,0,0,61,0,Good,Alexandria, LA
2020,275,190,78,7,0,0,0,136,71,44,1,1,150,8,115,0,Good,Baton Rouge, LA
2020,274,224,49,1,0,0,0,126,58,40,0,0,156,0,118,0,Good,Bossier City, LA
2020,61,55,6,0,0,0,0,63,49,25,0,0,0,0,61,0,Good,Hammond, LA
2020,274,212,62,0,0,0,0,90,57,41,0,0,130,0,144,0,Good,Houma, LA
2020,274,214,59,1,0,0,0,120,59,40,0,0,171,0,103,0,Good,Lafayette, LA
2020,263,181,81,1,0,0,0,116,62,43,0,0,121,5,137,0,Good,Lake Charles, LA
2020,275,188,87,0,0,0,0,91,67,44,1,1,143,30,100,0,Good,Metairie, LA
2020,274,260,14,0,0,0,0,71,45,33,0,0,257,0,17,0,Good,Monroe, LA
2020,275,188,87,0,0,0,0,91,67,44,1,1,143,30,100,0,Good,New Orleans, LA
2020,274,224,49,1,0,0,0,126,58,40,0,0,156,0,118,0,Good,Shreveport, LA
2020,274,212,62,0,0,0,0,90,57,41,0,0,130,0,144,0,Good,Thibodaux, LA
2020,203,196,5,2,0,0,0,108,46,38,0,0,200,0,3,0,Good,Barnstable Town, MA
2020,224,182,42,0,0,0,0,90,54,43,0,14,129,0,81,0,Good,Boston, MA
2020,224,182,42,0,0,0,0,90,54,43,0,14,129,0,81,0,Good,Cambridge, MA
2020,223,200,23,0,0,0,0,84,51,38,0,0,131,0,92,0,Good,Greenfield Town, MA
2020,224,182,42,0,0,0,0,90,54,43,0,14,129,0,81,0,Good,Newton, MA
2020,224,202,22,0,0,0,0,80,50,38,0,0,157,0,67,0,Good,Pittsfield, MA
2020,224,189,35,0,0,0,0,99,55,41,0,2,138,0,84,0,Good,Springfield, MA
2020,210,203,6,1,0,0,0,126,46,40,0,0,210,0,0,0,Good,Vineyard Haven, MA
2020,237,206,31,0,0,0,0,90,52,40,0,6,169,0,61,1,Good,Worcester, MA
2020,304,241,60,3,0,0,0,119,58,42,0,14,240,0,50,0,Good,Baltimore, MD
2020,273,260,13,0,0,0,0,84,48,37,0,0,268,0,5,0,Good,Cambridge, MD
2020,304,241,60,3,0,0,0,119,58,42,0,14,240,0,50,0,Good,Columbia, MD
2020,156,156,0,0,0,0,0,9,3,1,0,0,0,156,0,0,Good,Cumberland, MD
2020,305,274,31,0,0,0,0,76,51,38,0,0,222,0,83,0,Good,Hagerstown, MD
2020,305,274,31,0,0,0,0,76,51,38,0,0,222,0,83,0,Good,Martinsburg, MD
2020,182,171,11,0,0,0,0,74,47,39,0,0,149,0,33,0,Good,Salisbury, MD
2020,304,241,60,3,0,0,0,119,58,42,0,14,240,0,50,0,Good,Towson, MD
2020,305,294,11,0,0,0,0,64,44,31,0,0,191,0,112,2,Good,Auburn, ME
2020,215,212,3,0,0,0,0,64,44,35,0,4,197,0,14,0,Good,Augusta, ME
2020,305,295,10,0,0,0,0,73,44,31,0,0,209,0,94,2,Good,Bangor, ME
2020,305,294,11,0,0,0,0,64,44,31,0,0,191,0,112,2,Good,Lewiston, ME
2020,306,269,37,0,0,0,0,87,52,40,1,4,225,0,76,0,Good,Portland, ME
2020,148,142,6,0,0,0,0,71,45,31,0,0,148,0,0,0,Good,Rockland, ME
2020,306,269,37,0,0,0,0,87,52,40,1,4,225,0,76,0,Good,South Portland, ME
2020,215,212,3,0,0,0,0,64,44,35,0,4,197,0,14,0,Good,Waterville, ME
2020,182,149,32,1,0,0,0,122,56,39,0,0,102,0,80,0,Good,Adrian, MI
2020,244,199,42,3,0,0,0,126,57,39,0,0,193,0,51,0,Good,Ann Arbor, MI
2020,181,177,4,0,0,0,0,55,38,19,0,0,0,0,181,0,Good,Bay City, MI
2020,134,119,9,6,0,0,0,150,51,39,0,0,134,0,0,0,Good,Benton Harbor, MI
2020,274,244,29,1,0,0,0,105,51,37,0,4,225,0,45,0,Good,Cadillac, MI
2020,183,104,70,9,0,0,0,126,75,48,1,7,66,13,96,0,Good,Dearborn, MI
2020,183,104,70,9,0,0,0,126,75,48,1,7,66,13,96,0,Good,Detroit, MI
2020,182,164,18,0,0,0,0,90,50,36,0,3,138,0,41,0,Good,East Lansing, MI
2020,182,161,20,1,0,0,0,126,51,38,0,0,128,0,54,0,Good,Flint, MI
2020,183,152,26,5,0,0,0,150,58,38,2,0,131,0,50,0,Good,Grand Rapids, MI
2020,175,158,13,4,0,0,0,136,50,38,0,0,123,0,52,0,Good,Holland, MI
2020,20,20,0,0,0,0,0,35,30,8,0,0,0,0,20,0,Good,Houghton, MI
2020,181,159,18,4,0,0,0,115,54,39,0,0,122,0,59,0,Good,Kalamazoo, MI
2020,182,164,18,0,0,0,0,90,50,36,0,3,138,0,41,0,Good,Lansing, MI
2020,224,202,20,1,1,0,0,159,50,38,0,0,224,0,0,0,Good,Ludington, MI
2020,198,196,2,0,0,0,0,66,19,1,0,0,0,152,0,46,Good,Monroe, MI
2020,124,106,14,4,0,0,0,143,64,39,0,0,124,0,0,0,Good,Muskegon, MI
2020,134,119,9,6,0,0,0,150,51,39,0,0,134,0,0,0,Good,Niles, MI
2020,181,159,18,4,0,0,0,115,54,39,0,0,122,0,59,0,Good,Portage, MI
2020,138,127,9,1,1,0,0,164,46,37,0,0,138,0,0,0,Good,Traverse City, MI
2020,183,104,70,9,0,0,0,126,75,48,1,7,66,13,96,0,Good,Warren, MI
2020,183,152,26,5,0,0,0,150,58,38,2,0,131,0,50,0,Good,Wyoming, MI
2020,180,177,3,0,0,0,0,73,40,24,0,0,0,0,180,0,Good,Bemidji, MN
2020,183,123,60,0,0,0,0,87,63,45,1,2,89,1,72,18,Good,Bloomington, MN
2020,182,173,9,0,0,0,0,76,44,33,0,0,95,0,87,0,Good,Brainerd, MN
2020,242,222,19,1,0,0,0,104,49,38,0,1,181,0,57,3,Good,Duluth, MN
2020,179,165,14,0,0,0,0,80,48,35,0,0,107,0,72,0,Good,Marshall, MN
2020,183,123,60,0,0,0,0,87,63,45,1,2,89,1,72,18,Good,Minneapolis, MN
2020,108,100,8,0,0,0,0,87,50,40,0,0,108,0,0,0,Good,Red Wing, MN
2020,182,151,31,0,0,0,0,100,55,38,0,0,109,0,73,0,Good,Rochester, MN
2020,182,165,17,0,0,0,0,80,50,37,0,0,106,0,76,0,Good,St. Cloud, MN
2020,183,123,60,0,0,0,0,87,63,45,1,2,89,1,72,18,Good,St. Paul, MN
2020,20,19,1,0,0,0,0,52,40,21,0,0,0,0,20,0,Good,Winona, MN
2020,20,20,0,0,0,0,0,24,20,13,0,0,0,0,20,0,Good,Branson, MO
2020,153,144,9,0,0,0,0,93,45,36,0,0,153,0,0,0,Good,Columbia, MO
2020,153,142,11,0,0,0,0,87,46,38,0,0,153,0,0,0,Good,Jefferson City, MO
2020,213,186,27,0,0,0,0,82,51,38,0,0,136,0,0,77,Good,Joplin, MO
2020,214,123,87,3,1,0,0,157,74,48,1,3,90,0,108,12,Good,Kansas City, MO
2020,213,189,23,1,0,0,0,116,51,38,0,0,114,0,98,1,Good,Springfield, MO
2020,213,171,41,1,0,0,0,126,58,40,0,0,113,0,86,14,Good,St. Joseph, MO
2020,274,123,141,9,1,0,0,155,84,52,0,3,113,4,148,6,Moderate,St. Louis, MO
2020,272,188,83,1,0,0,0,101,61,44,0,1,103,0,168,0,Good,Biloxi, MS
2020,274,224,50,0,0,0,0,85,55,40,0,0,135,0,139,0,Good,Cleveland, MS
2020,272,188,83,1,0,0,0,101,61,44,0,1,103,0,168,0,Good,Gulfport, MS
2020,274,219,55,0,0,0,0,97,58,34,0,0,0,0,274,0,Good,Hattiesburg, MS
2020,285,203,81,1,0,0,0,114,60,43,1,2,87,0,195,0,Good,Jackson, MS
2020,209,209,0,0,0,0,0,50,43,32,0,0,209,0,0,0,Good,Meridian, MS
2020,272,188,83,1,0,0,0,101,61,44,0,1,103,0,168,0,Good,Pascagoula, MS
2020,205,204,1,0,0,0,0,54,45,36,0,0,205,0,0,0,Good,Tupelo, MS
2020,213,206,6,0,1,0,0,160,37,20,0,0,0,5,208,0,Good,Billings, MT
2020,245,237,4,4,0,0,0,131,31,16,4,10,0,0,231,0,Good,Bozeman, MT
2020,213,206,7,0,0,0,0,85,35,15,0,0,0,0,92,121,Good,Butte, MT
2020,207,205,2,0,0,0,0,62,31,18,0,0,0,0,207,0,Good,Great Falls, MT
2020,214,198,16,0,0,0,0,67,49,41,1,0,190,0,23,0,Good,Helena, MT
2020,244,229,15,0,0,0,0,91,47,35,0,0,204,0,17,23,Good,Kalispell, MT
2020,213,159,53,1,0,0,0,105,66,42,0,0,127,0,86,0,Good,Missoula, MT
2020,213,206,7,0,0,0,0,85,35,15,0,0,0,0,92,121,Good,Silver Bow, MT
2020,274,241,33,0,0,0,0,97,52,41,0,0,204,8,62,0,Good,Asheville, NC
2020,274,255,19,0,0,0,0,97,48,36,0,0,165,7,101,1,Good,Chapel Hill, NC
2020,306,250,54,2,0,0,0,112,55,42,1,0,193,0,112,0,Good,Charlotte, NC
2020,306,250,54,2,0,0,0,112,55,42,1,0,193,0,112,0,Good,Concord, NC
2020,20,20,0,0,0,0,0,38,38,21,0,0,0,0,20,0,Good,Cullowhee, NC
2020,274,255,19,0,0,0,0,97,48,36,0,0,165,7,101,1,Good,Durham, NC
2020,273,250,23,0,0,0,0,81,49,36,0,0,174,0,96,3,Good,Fayetteville, NC
2020,306,250,54,2,0,0,0,112,55,42,1,0,193,0,112,0,Good,Gastonia, NC
2020,274,257,17,0,0,0,0,87,49,38,0,0,187,0,84,3,Good,Greensboro, NC
2020,271,255,16,0,0,0,0,95,48,35,0,0,180,0,91,0,Good,Greenville, NC
2020,274,250,24,0,0,0,0,94,49,38,0,0,153,0,120,1,Good,Hickory, NC
2020,274,257,17,0,0,0,0,87,49,38,0,0,187,0,84,3,Good,High Point, NC
2020,207,201,6,0,0,0,0,58,46,36,0,0,207,0,0,0,Good,Kinston, NC
2020,274,250,24,0,0,0,0,94,49,38,0,0,153,0,120,1,Good,Lenoir, NC
2020,240,237,3,0,0,0,0,61,44,36,0,0,240,0,0,0,Good,Morehead City, NC
2020,274,250,24,0,0,0,0,94,49,38,0,0,153,0,120,1,Good,Morganton, NC
2020,207,206,1,0,0,0,0,51,46,37,0,0,207,0,0,0,Good,Oxford, NC
2020,274,218,55,1,0,0,0,101,56,40,2,2,155,0,115,0,Good,Raleigh, NC
2020,267,257,10,0,0,0,0,88,42,22,0,40,0,0,227,0,Good,Roanoke Rapids, NC
2020,261,247,14,0,0,0,0,94,47,35,0,0,166,0,95,0,Good,Rocky Mount, NC
2020,244,190,54,0,0,0,0,97,56,41,0,5,129,0,110,0,Good,Salem, NC
2020,259,259,0,0,0,0,0,34,7,0,0,0,0,259,0,0,Good,Washington, NC
2020,265,255,10,0,0,0,0,74,45,32,0,0,198,0,67,0,Good,Wilmington, NC
2020,244,190,54,0,0,0,0,97,56,41,0,5,129,0,110,0,Good,Winston, NC
2020,274,247,27,0,0,0,0,74,50,38,0,1,209,0,63,1,Good,Bismarck, ND
2020,273,267,6,0,0,0,0,57,45,36,0,0,254,0,19,0,Good,Dickinson, ND
2020,271,257,14,0,0,0,0,80,44,34,0,7,223,0,41,0,Good,Fargo, ND
2020,274,267,7,0,0,0,0,69,44,35,0,0,251,0,23,0,Good,Minot, ND
2020,182,182,0,0,0,0,0,20,6,1,0,0,0,182,0,0,Good,Williston, ND
2020,305,240,63,1,1,0,0,156,57,41,0,0,158,13,119,15,Good,Council Bluffs, NE
2020,285,263,22,0,0,0,0,85,44,19,0,0,0,0,285,0,Good,Grand Island, NE
2020,244,237,7,0,0,0,0,74,45,32,0,0,171,44,29,0,Good,Lincoln, NE
2020,305,240,63,1,1,0,0,156,57,41,0,0,158,13,119,15,Good,Omaha, NE
2020,209,155,52,2,0,0,0,122,59,38,0,0,0,0,209,0,Good,Scottsbluff, NE
2020,182,157,25,0,0,0,0,74,54,45,0,0,182,0,0,0,Good,Berlin, NH
2020,244,242,2,0,0,0,0,57,42,35,0,0,232,0,12,0,Good,Claremont, NH
2020,182,180,2,0,0,0,0,71,44,37,0,0,121,61,0,0,Good,Concord, NH
2020,182,172,10,0,0,0,0,66,45,37,0,0,147,0,35,0,Good,Keene, NH
2020,177,176,1,0,0,0,0,61,44,36,0,0,118,0,59,0,Good,Laconia, NH
2020,244,242,2,0,0,0,0,57,42,35,0,0,232,0,12,0,Good,Lebanon, NH
2020,183,179,4,0,0,0,0,74,46,40,1,0,182,0,0,0,Good,Manchester, NH
2020,183,179,4,0,0,0,0,74,46,40,1,0,182,0,0,0,Good,Nashua, NH
2020,182,174,8,0,0,0,0,90,44,34,0,0,147,1,34,0,Good,Atlantic City, NJ
2020,182,166,16,0,0,0,0,71,50,40,0,0,125,0,57,0,Good,Bridgeton, NJ
2020,182,174,8,0,0,0,0,90,44,34,0,0,147,1,34,0,Good,Hammonton, NJ
2020,242,211,30,1,0,0,0,112,53,39,0,0,202,0,40,0,Good,Trenton, NJ
2020,182,166,16,0,0,0,0,71,50,40,0,0,125,0,57,0,Good,Vineland, NJ
2020,183,101,82,0,0,0,0,100,65,50,1,0,127,0,25,30,Good,Albuquerque, NM
2020,240,162,73,5,0,0,0,115,71,47,0,0,239,0,1,0,Good,Artesia, NM
2020,240,162,73,5,0,0,0,115,71,47,0,0,239,0,1,0,Good,Carlsbad, NM
2020,262,249,12,0,0,0,1,360,38,19,0,0,0,0,0,262,Good,Deming, NM
2020,179,153,26,0,0,0,0,77,58,44,0,0,179,0,0,0,Good,Espa¤ola, NM
2020,274,209,65,0,0,0,0,100,61,45,0,0,244,0,0,30,Good,Farmington, NM
2020,182,174,8,0,0,0,0,67,48,39,0,4,170,0,8,0,Good,Hobbs, NM
2020,274,171,92,8,1,1,1,346,73,48,0,4,142,0,49,79,Good,Las Cruces, NM
2020,20,20,0,0,0,0,0,13,11,5,0,0,0,0,20,0,Good,Los Alamos, NM
2020,20,20,0,0,0,0,0,40,26,10,0,0,0,0,20,0,Good,Roswell, NM
2020,17,17,0,0,0,0,0,15,13,4,0,0,0,0,17,0,Good,Ruidoso, NM
2020,272,225,47,0,0,0,0,90,58,42,0,0,178,0,94,0,Good,Santa Fe, NM
2020,181,172,9,0,0,0,0,64,37,20,0,0,0,0,181,0,Good,Taos, NM
2020,182,171,11,0,0,0,0,100,48,40,0,0,151,0,31,0,Good,Carson City, NV
2020,179,177,2,0,0,0,0,86,25,13,0,0,0,0,0,179,Good,Elko, NV
2020,179,170,9,0,0,0,0,90,47,41,0,0,179,0,0,0,Good,Fallon, NV
2020,179,175,4,0,0,0,0,87,46,38,0,0,178,0,0,1,Good,Fernley, NV
2020,182,179,3,0,0,0,0,55,28,12,0,0,0,0,182,0,Good,Gardnerville Ranchos, NV
2020,275,93,163,17,2,0,0,174,93,58,1,13,203,0,53,5,Moderate,Henderson, NV
2020,275,93,163,17,2,0,0,174,93,58,1,13,203,0,53,5,Moderate,Las Vegas, NV
2020,182,176,6,0,0,0,0,97,29,15,0,0,0,0,0,182,Good,Pahrump, NV
2020,275,93,163,17,2,0,0,174,93,58,1,13,203,0,53,5,Moderate,Paradise, NV
2020,245,177,57,6,5,0,0,163,74,45,1,3,209,0,30,2,Good,Reno, NV
2020,274,240,34,0,0,0,0,75,53,39,1,0,169,0,104,0,Good,Albany, NY
2020,275,234,39,0,2,0,0,155,54,38,1,4,217,1,52,0,Good,Buffalo, NY
2020,275,234,39,0,2,0,0,155,54,38,1,4,217,1,52,0,Good,Cheektowaga, NY
2020,275,268,7,0,0,0,0,77,44,36,1,0,215,0,59,0,Good,Corning, NY
2020,272,249,23,0,0,0,0,93,49,38,0,0,264,0,8,0,Good,Dunkirk, NY
2020,269,256,13,0,0,0,0,90,46,35,0,0,269,0,0,0,Good,Fort Drum, NY
2020,272,249,23,0,0,0,0,93,49,38,0,0,264,0,8,0,Good,Fredonia, NY
2020,242,239,3,0,0,0,0,58,44,36,0,0,242,0,0,0,Good,Ithaca, NY
2020,272,249,23,0,0,0,0,93,49,38,0,0,264,0,8,0,Good,Jamestown, NY
2020,275,175,92,8,0,0,0,140,80,46,1,26,169,1,78,0,Good,Jersey City, NY
2020,274,216,44,14,0,0,0,118,75,16,0,0,0,274,0,0,Good,Massena, NY
2020,275,175,92,8,0,0,0,140,80,46,1,26,169,1,78,0,Good,New York, NY
2020,275,175,92,8,0,0,0,140,80,46,1,26,169,1,78,0,Good,Newark, NY
2020,275,234,39,0,2,0,0,155,54,38,1,4,217,1,52,0,Good,Niagara Falls, NY
2020,274,216,44,14,0,0,0,118,75,16,0,0,0,274,0,0,Good,Ogdensburg, NY
2020,275,239,36,0,0,0,0,80,54,38,1,0,217,0,57,0,Good,Rochester, NY
2020,272,263,9,0,0,0,0,78,34,14,0,0,0,0,272,0,Good,Rome, NY
2020,274,240,34,0,0,0,0,75,53,39,1,0,169,0,104,0,Good,Schenectady, NY
2020,274,247,27,0,0,0,0,74,50,38,0,0,228,0,46,0,Good,Syracuse, NY
2020,274,240,34,0,0,0,0,75,53,39,1,0,169,0,104,0,Good,Troy, NY
2020,272,263,9,0,0,0,0,78,34,14,0,0,0,0,272,0,Good,Utica, NY
2020,269,256,13,0,0,0,0,90,46,35,0,0,269,0,0,0,Good,Watertown, NY
2020,274,203,68,3,0,0,0,107,63,43,0,0,132,0,142,0,Good,Akron, OH
2020,274,257,17,0,0,0,0,93,46,35,0,0,211,63,0,0,Good,Ashtabula, OH
2020,51,49,2,0,0,0,0,55,44,25,0,0,0,0,51,0,Good,Athens, OH
2020,274,227,43,3,1,0,0,153,58,41,0,0,190,0,84,0,Good,Boardman, OH
2020,274,194,77,3,0,0,0,119,64,43,0,0,156,0,118,0,Good,Canton, OH
2020,275,154,115,6,0,0,0,126,74,49,1,11,131,5,126,1,Good,Cincinnati, OH
2020,275,162,100,12,1,0,0,154,80,47,1,1,139,9,124,1,Good,Cleveland, OH
2020,275,221,52,2,0,0,0,101,61,42,1,4,184,0,86,0,Good,Columbus, OH
2020,275,191,80,4,0,0,0,112,64,44,1,0,162,0,111,1,Good,Dayton, OH
2020,275,162,100,12,1,0,0,154,80,47,1,1,139,9,124,1,Good,Elyria, OH
2020,268,234,33,1,0,0,0,105,54,38,0,0,200,1,67,0,Good,Lima, OH
2020,214,202,11,1,0,0,0,108,49,39,0,0,214,0,0,0,Good,Marietta, OH
2020,274,194,77,3,0,0,0,119,64,43,0,0,156,0,118,0,Good,Massillon, OH
2020,214,195,19,0,0,0,0,80,50,39,0,0,214,0,0,0,Good,Mount Vernon, OH
2020,274,272,2,0,0,0,0,53,29,14,0,0,0,7,66,201,Good,Portsmouth, OH
2020,273,273,0,0,0,0,0,31,4,3,0,0,0,245,0,28,Good,Salem, OH
2020,274,224,49,1,0,0,0,108,58,40,0,0,183,22,69,0,Good,Springfield, OH
2020,274,220,46,8,0,0,0,136,71,40,0,0,183,7,84,0,Good,Toledo, OH
2020,274,227,43,3,1,0,0,153,58,41,0,0,190,0,84,0,Good,Warren, OH
2020,238,216,22,0,0,0,0,80,50,37,0,0,238,0,0,0,Good,Washington Court House, OH
2020,198,174,24,0,0,0,0,97,54,40,0,0,198,0,0,0,Good,Wilmington, OH
2020,274,227,43,3,1,0,0,153,58,41,0,0,190,0,84,0,Good,Youngstown, OH
2020,271,178,92,1,0,0,0,147,64,44,0,0,133,0,138,0,Good,Ardmore, OK
2020,251,215,35,1,0,0,0,101,57,41,0,0,180,0,71,0,Good,Bartlesville, OK
2020,269,268,1,0,0,0,0,51,11,0,0,0,0,269,0,0,Good,Enid, OK
2020,272,221,50,1,0,0,0,107,58,43,0,0,170,0,102,0,Good,Lawton, OK
2020,273,221,51,1,0,0,0,141,56,40,0,0,157,0,116,0,Good,McAlester, OK
2020,168,147,19,1,1,0,0,154,56,34,0,0,67,0,80,21,Good,Miami, OK
2020,230,230,0,0,0,0,0,27,6,0,0,0,0,230,0,0,Good,Muskogee, OK
2020,275,163,107,5,0,0,0,121,73,47,1,3,138,0,131,2,Good,Oklahoma City, OK
2020,279,226,51,2,0,0,0,113,55,39,0,0,123,1,155,0,Good,Ponca City, OK
2020,275,203,70,2,0,0,0,129,64,44,1,0,180,0,92,2,Good,Tulsa, OK
2020,182,161,21,0,0,0,0,70,51,19,0,0,0,0,182,0,Good,Albany, OR
2020,182,182,0,0,0,0,0,33,23,13,0,0,0,0,182,0,Good,Bend, OR
2020,182,181,1,0,0,0,0,52,28,15,0,0,0,0,182,0,Good,Corvallis, OR
2020,274,211,51,2,0,2,8,550,66,36,0,0,104,0,165,5,Good,Eugene, OR
2020,187,167,20,0,0,0,0,89,52,20,0,0,0,0,187,0,Good,Grants Pass, OR
2020,152,145,7,0,0,0,0,66,45,31,0,0,61,0,91,0,Good,Hermiston, OR
2020,244,219,22,3,0,0,0,112,52,32,0,13,163,0,68,0,Good,Hillsboro, OR
2020,111,67,44,0,0,0,0,98,73,38,0,0,0,0,111,0,Good,Klamath Falls, OR
2020,106,106,0,0,0,0,0,46,28,17,0,0,0,0,89,17,Good,La Grande, OR
2020,192,173,19,0,0,0,0,65,50,33,0,0,61,0,131,0,Good,Medford, OR
2020,152,145,7,0,0,0,0,66,45,31,0,0,61,0,91,0,Good,Pendleton, OR
2020,244,219,22,3,0,0,0,112,52,32,0,13,163,0,68,0,Good,Portland, OR
2020,129,122,7,0,0,0,0,61,43,21,0,0,0,0,129,0,Good,Prineville, OR
2020,182,182,0,0,0,0,0,33,23,13,0,0,0,0,182,0,Good,Redmond, OR
2020,91,86,5,0,0,0,0,57,43,24,0,0,0,0,91,0,Good,Roseburg, OR
2020,152,143,9,0,0,0,0,77,46,28,0,0,61,0,91,0,Good,Salem, OR
2020,91,82,9,0,0,0,0,72,40,19,0,0,0,0,91,0,Good,The Dalles, OR
2020,244,219,22,3,0,0,0,112,52,32,0,13,163,0,68,0,Good,Vancouver, OR
2020,244,206,38,0,0,0,0,93,54,39,0,4,148,0,92,0,Good,Allentown, PA
2020,239,206,33,0,0,0,0,85,54,40,0,0,155,1,83,0,Good,Altoona, PA
2020,245,223,22,0,0,0,0,69,50,39,1,9,159,0,76,0,Good,Barre, PA
2020,244,206,38,0,0,0,0,93,54,39,0,4,148,0,92,0,Good,Bethlehem, PA
2020,305,201,99,5,0,0,0,129,67,45,0,8,172,0,125,0,Good,Camden, PA
2020,244,182,62,0,0,0,0,98,62,42,0,0,125,0,119,0,Good,Carlisle, PA
2020,210,210,0,0,0,0,0,47,42,34,0,0,210,0,0,0,Good,Chambersburg, PA
2020,203,201,2,0,0,0,0,54,42,34,0,0,203,0,0,0,Good,DuBois, PA
2020,208,206,2,0,0,0,0,80,45,37,0,0,208,0,0,0,Good,East Stroudsburg, PA
2020,244,206,38,0,0,0,0,93,54,39,0,4,148,0,92,0,Good,Easton, PA
2020,245,224,21,0,0,0,0,82,47,35,3,0,160,0,82,0,Good,Erie, PA
2020,245,210,35,0,0,0,0,74,54,41,1,0,207,0,37,0,Good,Gettysburg, PA
2020,244,201,43,0,0,0,0,96,55,40,0,13,126,0,105,0,Good,Hanover, PA
2020,244,182,62,0,0,0,0,98,62,42,0,0,125,0,119,0,Good,Harrisburg, PA
2020,245,223,22,0,0,0,0,69,50,39,1,9,159,0,76,0,Good,Hazleton, PA
2020,237,224,12,1,0,0,0,112,47,36,0,0,201,36,0,0,Good,Indiana, PA
2020,245,210,35,0,0,0,0,89,54,37,1,1,113,0,130,0,Good,Johnstown, PA
2020,244,179,63,2,0,0,0,105,60,42,0,0,116,0,126,2,Good,Lancaster, PA
2020,42,34,8,0,0,0,0,79,58,30,0,0,2,0,40,0,Good,Lebanon, PA
2020,210,204,6,0,0,0,0,93,44,32,0,0,210,0,0,0,Good,New Castle, PA
2020,305,201,99,5,0,0,0,129,67,45,0,8,172,0,125,0,Good,Philadelphia, PA
2020,275,154,112,9,0,0,0,142,79,48,1,0,134,9,130,1,Good,Pittsburgh, PA
2020,244,190,54,0,0,0,0,97,58,40,0,0,144,0,100,0,Good,Reading, PA
2020,241,230,11,0,0,0,0,73,47,38,0,0,162,0,79,0,Good,Sayre, PA
2020,245,223,22,0,0,0,0,69,50,39,1,9,159,0,76,0,Good,Scranton, PA
2020,244,236,8,0,0,0,0,71,46,37,0,0,244,0,0,0,Good,Somerset, PA
2020,238,236,2,0,0,0,0,67,45,36,0,0,238,0,0,0,Good,St. Marys, PA
2020,244,217,27,0,0,0,0,88,51,41,0,0,198,0,46,0,Good,State College, PA
2020,242,241,1,0,0,0,0,65,23,9,0,0,0,242,0,0,Good,Warren, PA
2020,210,210,0,0,0,0,0,47,42,34,0,0,210,0,0,0,Good,Waynesboro, PA
2020,245,223,22,0,0,0,0,69,50,39,1,9,159,0,76,0,Good,Wilkes, PA
2020,244,221,23,0,0,0,0,77,50,37,0,0,156,0,88,0,Good,Williamsport, PA
2020,305,201,99,5,0,0,0,129,67,45,0,8,172,0,125,0,Good,Wilmington, PA
2020,244,201,43,0,0,0,0,96,55,40,0,13,126,0,105,0,Good,York, PA
2020,245,223,22,0,0,0,0,69,50,39,1,9,159,0,76,0,Good,, PA
2020,245,223,22,0,0,0,0,69,50,39,1,9,159,0,76,0,Good,, PA
2020,18,18,0,0,0,0,0,37,32,12,0,0,0,0,18,0,Good,Adjuntas, PR
2020,274,254,11,7,1,0,1,336,41,23,48,27,156,7,13,23,Good,Caguas, PR
2020,274,254,11,7,1,0,1,336,41,23,48,27,156,7,13,23,Good,Carolina, PR
2020,18,17,1,0,0,0,0,57,40,18,0,0,0,0,18,0,Good,Guayama, PR
2020,210,152,20,2,11,16,9,396,248,26,0,0,69,0,141,0,Good,Mayaguez, PR
2020,232,217,15,0,0,0,0,81,42,17,64,0,0,0,9,159,Good,Ponce, PR
2020,274,254,11,7,1,0,1,336,41,23,48,27,156,7,13,23,Good,San Juan, PR
2020,275,209,62,3,1,0,0,154,62,43,1,3,175,0,96,0,Good,Providence, RI
2020,275,209,62,3,1,0,0,154,62,43,1,3,175,0,96,0,Good,Warwick, RI
2020,309,259,49,1,0,0,0,116,54,39,0,0,227,0,82,0,Good,Anderson, SC
2020,274,250,23,1,0,0,0,117,50,36,0,2,140,0,132,0,Good,Charleston, SC
2020,275,244,30,1,0,0,0,117,51,38,1,2,163,0,109,0,Good,Columbia, SC
2020,266,256,10,0,0,0,0,100,46,28,0,0,164,102,0,0,Good,Conway, SC
2020,274,262,12,0,0,0,0,95,45,33,0,0,155,0,119,0,Good,Florence, SC
2020,309,259,49,1,0,0,0,116,54,39,0,0,227,0,82,0,Good,Greenville, SC
2020,309,259,49,1,0,0,0,116,54,39,0,0,227,0,82,0,Good,Mauldin, SC
2020,266,256,10,0,0,0,0,100,46,28,0,0,164,102,0,0,Good,Myrtle Beach, SC
2020,274,250,23,1,0,0,0,117,50,36,0,2,140,0,132,0,Good,North Charleston, SC
2020,266,256,10,0,0,0,0,100,46,28,0,0,164,102,0,0,Good,North Myrtle Beach, SC
2020,20,20,0,0,0,0,0,0,0,0,0,0,0,20,0,0,Good,Seneca, SC
2020,274,235,37,2,0,0,0,112,52,40,0,0,158,0,116,0,Good,Spartanburg, SC
2020,180,166,14,0,0,0,0,61,48,23,0,0,0,0,142,38,Good,Aberdeen, SD
2020,182,161,21,0,0,0,0,87,54,39,0,0,168,0,12,2,Good,Brookings, SD
2020,178,176,2,0,0,0,0,76,28,15,0,0,0,0,178,0,Good,Pierre, SD
2020,182,157,25,0,0,0,0,81,56,42,0,1,147,0,13,21,Good,Rapid City, SD
2020,183,163,20,0,0,0,0,90,54,35,1,2,130,0,50,0,Good,Sioux Falls, SD
2020,182,167,15,0,0,0,0,88,47,36,0,0,106,0,61,15,Good,Watertown, SD
2020,174,164,10,0,0,0,0,88,40,22,0,0,0,0,174,0,Good,Athens, TN
2020,192,174,16,2,0,0,0,109,50,38,0,0,99,46,47,0,Good,Bristol, TN
2020,192,174,16,2,0,0,0,109,50,38,0,0,99,46,47,0,Good,Bristol, TN
2020,274,224,50,0,0,0,0,87,54,40,0,0,147,0,127,0,Good,Chattanooga, TN
2020,244,223,20,1,0,0,0,107,50,38,0,0,204,0,40,0,Good,Clarksville, TN
2020,180,175,4,1,0,0,0,105,37,20,0,0,0,0,180,0,Good,Cookeville, TN
2020,213,177,35,1,0,0,0,121,56,41,0,12,85,0,116,0,Good,Davidson, TN
2020,173,163,9,1,0,0,0,117,40,22,0,0,0,0,173,0,Good,Dyersburg, TN
2020,213,177,35,1,0,0,0,121,56,41,0,12,85,0,116,0,Good,Franklin, TN
2020,176,172,3,1,0,0,0,108,35,22,0,0,0,0,176,0,Good,Jackson, TN
2020,192,174,16,2,0,0,0,109,50,38,0,0,99,46,47,0,Good,Kingsport, TN
2020,305,250,55,0,0,0,0,92,54,40,0,0,223,0,82,0,Good,Knoxville, TN
2020,182,177,5,0,0,0,0,72,35,19,0,0,0,0,182,0,Good,Lawrenceburg, TN
2020,274,179,92,3,0,0,0,115,64,46,0,2,132,0,140,0,Good,Memphis, TN
2020,117,112,5,0,0,0,0,61,49,40,0,0,117,0,0,0,Good,Morristown, TN
2020,213,177,35,1,0,0,0,121,56,41,0,12,85,0,116,0,Good,Murfreesboro, TN
2020,213,177,35,1,0,0,0,121,56,41,0,12,85,0,116,0,Good,Nashville, TN
2020,243,223,19,1,0,0,0,105,50,41,0,0,243,0,0,0,Good,Sevierville, TN
2020,213,177,35,1,0,0,0,121,56,41,0,12,85,0,116,0,Good,, TN
2020,213,177,35,1,0,0,0,121,56,41,0,12,85,0,116,0,Good,, TN
2020,244,160,77,7,0,0,0,138,74,46,0,0,212,26,6,0,Good,Amarillo, TX
2020,214,118,85,10,1,0,0,151,90,48,1,5,118,0,90,0,Good,Arlington, TX
2020,183,135,47,0,1,0,0,153,59,44,1,3,85,0,94,0,Good,Austin, TX
2020,182,124,55,3,0,0,0,122,71,44,0,0,110,15,57,0,Good,Beaumont, TX
2020,197,172,21,3,1,0,0,200,57,9,0,0,0,197,0,0,Good,Big Spring, TX
2020,212,139,45,28,0,0,0,145,105,26,0,0,0,212,0,0,Good,Borger, TX
2020,182,106,68,5,3,0,0,176,72,45,0,0,42,0,140,0,Good,Brownsville, TX
2020,169,151,18,0,0,0,0,99,51,26,0,0,0,46,123,0,Good,Bryan, TX
2020,169,151,18,0,0,0,0,99,51,26,0,0,0,46,123,0,Good,College Station, TX
2020,182,126,54,0,2,0,0,159,67,43,0,0,99,0,83,0,Good,Corpus Christi, TX
2020,213,154,53,6,0,0,0,147,68,40,0,1,101,33,78,0,Good,Corsicana, TX
2020,214,118,85,10,1,0,0,151,90,48,1,5,118,0,90,0,Good,Dallas, TX
2020,165,143,21,0,1,0,0,160,54,24,0,0,0,0,165,0,Good,Eagle Pass, TX
2020,182,123,54,3,2,0,0,155,68,42,0,0,73,0,109,0,Good,Edinburg, TX
2020,183,96,82,5,0,0,0,116,77,50,1,13,115,0,41,13,Good,El Paso, TX
2020,214,118,85,10,1,0,0,151,90,48,1,5,118,0,90,0,Good,Fort Worth, TX
2020,182,106,68,5,3,0,0,176,72,45,0,0,42,0,140,0,Good,Harlingen, TX
2020,183,84,89,8,2,0,0,179,90,53,1,6,89,0,86,1,Moderate,Houston, TX
2020,182,143,38,1,0,0,0,135,58,42,0,0,117,0,65,0,Good,Killeen, TX
2020,163,112,48,1,2,0,0,168,68,38,0,0,0,0,163,0,Good,Kingsville, TX
2020,183,128,52,2,1,0,0,160,67,42,1,0,91,0,91,0,Good,Laredo, TX
2020,182,161,18,3,0,0,0,114,51,36,0,5,141,36,0,0,Good,Longview, TX
2020,208,196,12,0,0,0,0,72,40,19,0,0,0,0,208,0,Good,Lubbock, TX
2020,181,162,19,0,0,0,0,100,51,37,0,0,119,7,55,0,Good,Marshall, TX
2020,182,123,54,3,2,0,0,155,68,42,0,0,73,0,109,0,Good,McAllen, TX
2020,182,123,54,3,2,0,0,155,68,42,0,0,73,0,109,0,Good,Mission, TX
2020,174,174,0,0,0,0,0,19,9,0,0,0,0,174,0,0,Good,Mount Pleasant, TX
2020,183,97,82,3,1,0,0,158,77,49,1,1,94,0,87,0,Good,New Braunfels, TX
2020,197,179,18,0,0,0,0,95,49,24,0,0,0,0,197,0,Good,Odessa, TX
2020,182,124,55,3,0,0,0,122,71,44,0,0,110,15,57,0,Good,Port Arthur, TX
2020,183,135,47,0,1,0,0,153,59,44,1,3,85,0,94,0,Good,Round Rock, TX
2020,183,97,82,3,1,0,0,158,77,49,1,1,94,0,87,0,Good,San Antonio, TX
2020,183,84,89,8,2,0,0,179,90,53,1,6,89,0,86,1,Moderate,Sugar Land, TX
2020,182,143,38,1,0,0,0,135,58,42,0,0,117,0,65,0,Good,Temple, TX
2020,182,150,31,1,0,0,0,127,55,34,0,0,0,0,182,0,Good,Texarkana, TX
2020,183,84,89,8,2,0,0,179,90,53,1,6,89,0,86,1,Moderate,The Woodlands, TX
2020,182,172,10,0,0,0,0,84,48,36,0,2,180,0,0,0,Good,Tyler, TX
2020,146,132,14,0,0,0,0,100,49,35,0,0,146,0,0,0,Good,Victoria, TX
2020,183,162,21,0,0,0,0,87,51,37,1,0,157,0,25,0,Good,Waco, TX
2020,305,272,33,0,0,0,0,86,51,41,0,11,269,0,25,0,Good,Cedar City, UT
2020,306,178,114,13,1,0,0,155,84,47,1,11,221,0,72,1,Good,Clearfield, UT
2020,305,212,85,4,4,0,0,159,71,44,0,0,199,0,91,15,Good,Logan, UT
2020,306,178,114,13,1,0,0,155,84,47,1,11,221,0,72,1,Good,Ogden, UT
2020,306,195,106,5,0,0,0,150,80,46,1,3,237,0,64,1,Good,Orem, UT
2020,289,247,42,0,0,0,0,93,54,44,0,2,287,0,0,0,Good,Price, UT
2020,306,195,106,5,0,0,0,150,80,46,1,3,237,0,64,1,Good,Provo, UT
2020,306,157,129,18,2,0,0,194,89,50,1,34,182,1,85,3,Good,Salt Lake City, UT
2020,305,234,68,3,0,0,0,112,64,44,0,1,278,0,26,0,Good,Saint George, UT
2020,305,213,89,2,0,0,1,343,67,46,0,0,268,0,37,0,Good,Vernal, UT
2020,201,153,41,4,3,0,0,200,70,42,0,0,130,71,0,0,Good,Blacksburg, VA
2020,269,261,8,0,0,0,0,63,46,35,0,0,197,0,72,0,Good,Charlottesville, VA
2020,201,153,41,4,3,0,0,200,70,42,0,0,130,71,0,0,Good,Christiansburg, VA
2020,272,269,3,0,0,0,0,61,44,33,0,50,200,0,22,0,Good,Harrisonburg, VA
2020,65,64,1,0,0,0,0,54,36,21,0,0,0,0,65,0,Good,Lynchburg, VA
2020,204,198,6,0,0,0,0,64,46,36,1,24,102,0,66,11,Good,Newport News, VA
2020,204,198,6,0,0,0,0,64,46,36,1,24,102,0,66,11,Good,Norfolk, VA
2020,201,153,41,4,3,0,0,200,70,42,0,0,130,71,0,0,Good,Radford, VA
2020,276,262,14,0,0,0,0,71,48,38,1,17,210,0,47,1,Good,Richmond, VA
2020,275,257,18,0,0,0,0,69,47,35,2,7,184,4,78,0,Good,Roanoke, VA
2020,204,198,6,0,0,0,0,64,46,36,1,24,102,0,66,11,Good,Virginia Beach, VA
2020,232,225,7,0,0,0,0,60,44,35,0,0,191,0,41,0,Good,Winchester, VA
2020,182,174,8,0,0,0,0,66,46,39,0,0,164,0,18,0,Good,Bennington, VT
2020,183,166,17,0,0,0,0,98,49,40,1,0,144,0,38,0,Good,Burlington, VT
2020,183,163,20,0,0,0,0,81,51,39,1,0,137,0,45,0,Good,Rutland, VT
2020,183,166,17,0,0,0,0,98,49,40,1,0,144,0,38,0,Good,South Burlington, VT
2020,244,242,2,0,0,0,0,83,28,17,0,0,0,0,244,0,Good,Aberdeen, WA
2020,187,187,0,0,0,0,0,44,38,19,0,0,71,0,116,0,Good,Anacortes, WA
2020,245,198,44,2,1,0,0,154,61,42,1,13,158,0,73,0,Good,Bellevue, WA
2020,244,204,34,3,3,0,0,182,62,34,0,0,109,103,32,0,Good,Bellingham, WA
2020,239,236,3,0,0,0,0,71,28,16,0,0,0,0,239,0,Good,Bremerton, WA
2020,243,243,0,0,0,0,0,38,28,17,0,0,0,0,243,0,Good,Centralia, WA
2020,243,233,10,0,0,0,0,64,34,15,0,0,0,0,243,0,Good,Ellensburg, WA
2020,244,228,16,0,0,0,0,90,47,31,0,0,106,0,96,42,Good,Kennewick, WA
2020,244,243,1,0,0,0,0,53,26,14,0,0,0,0,244,0,Good,Longview, WA
2020,244,243,1,0,0,0,0,53,28,14,0,0,0,0,244,0,Good,Moses Lake, WA
2020,187,187,0,0,0,0,0,44,38,19,0,0,71,0,116,0,Good,Mount Vernon, WA
2020,244,238,6,0,0,0,0,67,40,23,0,0,109,0,135,0,Good,Olympia, WA
2020,242,242,0,0,0,0,0,40,25,12,0,0,0,0,242,0,Good,Othello, WA
2020,244,241,3,0,0,0,0,59,43,31,0,0,182,0,62,0,Good,Port Angeles, WA
2020,244,241,3,0,0,0,0,62,28,13,0,0,0,0,244,0,Good,Pullman, WA
2020,244,228,16,0,0,0,0,90,47,31,0,0,106,0,96,42,Good,Richland, WA
2020,245,198,44,2,1,0,0,154,61,42,1,13,158,0,73,0,Good,Seattle, WA
2020,235,235,0,0,0,0,0,41,29,15,0,0,0,0,235,0,Good,Shelton, WA
2020,239,236,3,0,0,0,0,71,28,16,0,0,0,0,239,0,Good,Silverdale, WA
2020,244,193,51,0,0,0,0,87,56,37,0,0,104,0,127,13,Good,Spokane, WA
2020,244,193,51,0,0,0,0,87,56,37,0,0,104,0,127,13,Good,Spokane Valley, WA
2020,245,198,44,2,1,0,0,154,61,42,1,13,158,0,73,0,Good,Tacoma, WA
2020,244,238,6,0,0,0,0,67,40,23,0,0,109,0,135,0,Good,Tumwater, WA
2020,244,235,9,0,0,0,0,70,39,20,0,0,0,0,99,145,Good,Walla Walla, WA
2020,244,239,5,0,0,0,0,55,33,17,0,0,0,0,244,0,Good,Wenatchee, WA
2020,244,209,35,0,0,0,0,90,54,27,0,0,0,0,243,1,Good,Yakima, WA
2020,182,149,31,2,0,0,0,126,58,39,0,0,81,3,98,0,Good,Appleton, WI
2020,182,150,31,1,0,0,0,112,56,39,0,0,80,0,102,0,Good,Baraboo, WI
2020,194,156,36,2,0,0,0,136,58,40,1,0,125,0,57,11,Good,Beaver Dam, WI
2020,99,90,6,3,0,0,0,105,50,40,0,0,99,0,0,0,Good,Beloit, WI
2020,182,160,22,0,0,0,0,93,52,39,0,0,84,0,98,0,Good,Eau Claire, WI
2020,92,80,8,4,0,0,0,136,51,42,0,0,92,0,0,0,Good,Elkhorn, WI
2020,95,86,7,2,0,0,0,115,49,38,0,0,95,0,0,0,Good,Fond du Lac, WI
2020,100,87,9,4,0,0,0,136,58,41,0,0,100,0,0,0,Good,Fort Atkinson, WI
2020,182,151,30,1,0,0,0,119,58,38,0,0,85,0,97,0,Good,Green Bay, WI
2020,99,90,6,3,0,0,0,105,50,40,0,0,99,0,0,0,Good,Janesville, WI
2020,180,152,28,0,0,0,0,93,55,38,0,0,86,0,94,0,Good,La Crosse, WI
2020,182,139,39,4,0,0,0,115,60,42,0,0,74,0,108,0,Good,Madison, WI
2020,85,71,11,3,0,0,0,136,64,39,0,1,84,0,0,0,Good,Manitowoc, WI
2020,183,129,50,3,1,0,0,169,66,42,1,9,98,0,75,0,Good,Milwaukee, WI
2020,180,152,28,0,0,0,0,93,55,38,0,0,86,0,94,0,Good,Onalaska, WI
2020,177,147,30,0,0,0,0,81,55,31,0,0,0,0,177,0,Good,Platteville, WI
2020,93,78,11,3,1,0,0,172,58,40,0,0,93,0,0,0,Good,Racine, WI
2020,100,83,14,2,1,0,0,159,74,41,0,0,100,0,0,0,Good,Sheboygan, WI
2020,100,87,9,4,0,0,0,136,58,41,0,0,100,0,0,0,Good,Watertown, WI
2020,183,129,50,3,1,0,0,169,66,42,1,9,98,0,75,0,Good,Waukesha, WI
2020,92,86,6,0,0,0,0,74,49,40,0,0,92,0,0,0,Good,Wausau, WI
2020,183,129,50,3,1,0,0,169,66,42,1,9,98,0,75,0,Good,West Allis, WI
2020,92,80,8,4,0,0,0,136,51,42,0,0,92,0,0,0,Good,Whitewater, WI
2020,274,248,26,0,0,0,0,100,50,38,0,7,176,0,90,1,Good,Ashland, WV
2020,275,257,18,0,0,0,0,84,48,37,1,0,210,0,64,0,Good,Charleston, WV
2020,90,84,6,0,0,0,0,78,46,26,0,0,0,0,90,0,Good,Clarksburg, WV
2020,58,54,4,0,0,0,0,67,50,28,0,0,0,0,58,0,Good,Fairmont, WV
2020,274,248,26,0,0,0,0,100,50,38,0,7,176,0,90,1,Good,Huntington, WV
2020,270,256,14,0,0,0,0,90,48,37,0,0,196,47,27,0,Good,Morgantown, WV
2020,274,258,16,0,0,0,0,80,46,35,0,0,199,42,33,0,Good,Parkersburg, WV
2020,274,247,22,5,0,0,0,116,50,13,0,0,0,274,0,0,Good,Point Pleasant, WV
2020,274,208,65,1,0,0,0,133,61,41,0,0,166,13,95,0,Good,Steubenville, WV
2020,274,258,16,0,0,0,0,80,46,35,0,0,199,42,33,0,Good,Vienna, WV
2020,274,208,65,1,0,0,0,133,61,41,0,0,166,13,95,0,Good,Weirton, WV
2020,274,240,33,1,0,0,0,101,52,37,0,47,184,4,37,2,Good,Wheeling, WV
2020,182,173,9,0,0,0,0,64,48,42,0,0,181,0,1,0,Good,Casper, WY
2020,183,169,14,0,0,0,0,77,48,40,1,0,174,0,3,5,Good,Cheyenne, WY
2020,237,194,41,2,0,0,0,122,58,44,0,2,225,0,0,10,Good,Evanston, WY
2020,274,232,41,1,0,0,0,117,56,37,0,1,113,0,0,160,Good,Gillette, WY
2020,245,224,15,5,1,0,0,155,50,44,1,0,237,0,7,0,Good,Jackson, WY
2020,242,175,63,4,0,0,0,136,64,47,0,0,224,0,0,18,Good,Laramie, WY
2020,182,155,27,0,0,0,0,77,54,45,0,0,169,6,7,0,Good,Riverton, WY
2020,238,178,54,3,2,0,1,1250,64,45,0,5,200,0,1,32,Good,Rock Springs, WY
2020,182,175,7,0,0,0,0,64,46,40,0,0,175,0,7,0,Good,Sheridan, WY
2020,274,230,43,1,0,0,0,101,55,36,0,0,127,0,147,0,Good,Columbus,AL
2020,274,179,92,3,0,0,0,115,64,46,0,2,132,0,140,0,Good,Memphis,AR
2020,182,150,31,1,0,0,0,127,55,34,0,0,0,0,182,0,Good,Texarkana,AR
2020,237,206,31,0,0,0,0,90,52,40,0,6,169,0,61,1,Good,Worcester,CT
2020,305,201,99,5,0,0,0,129,67,45,0,8,172,0,125,0,Good,Camden,DE
2020,305,201,99,5,0,0,0,129,67,45,0,8,172,0,125,0,Good,Philadelphia,DE
2020,182,171,11,0,0,0,0,74,47,39,0,0,149,0,33,0,Good,Salisbury,DE
2020,305,201,99,5,0,0,0,129,67,45,0,8,172,0,125,0,Good,Wilmington,DE
2020,274,224,50,0,0,0,0,87,54,40,0,0,147,0,127,0,Good,Chattanooga,GA
2020,305,240,63,1,1,0,0,156,57,41,0,0,158,13,119,15,Good,Council Bluffs,IA
2020,305,240,63,1,1,0,0,156,57,41,0,0,158,13,119,15,Good,Omaha,IA
2020,245,224,15,5,1,0,0,155,50,44,1,0,237,0,7,0,Good,Jackson,ID
2020,305,212,85,4,4,0,0,159,71,44,0,0,199,0,91,15,Good,Logan,ID
2020,306,194,109,2,1,0,0,155,64,45,1,0,109,0,110,86,Good,Davenport,IL
2020,91,82,9,0,0,0,0,60,50,30,0,0,0,0,91,0,Good,Fort Madison,IL
2020,91,82,9,0,0,0,0,60,50,30,0,0,0,0,91,0,Good,Keokuk,IL
2020,306,194,109,2,1,0,0,155,64,45,1,0,109,0,110,86,Good,Moline,IL
2020,188,155,31,2,0,0,0,111,58,40,0,5,97,0,80,6,Good,Paducah,IL
2020,306,194,109,2,1,0,0,155,64,45,1,0,109,0,110,86,Good,Rock Island,IL
2020,274,123,141,9,1,0,0,155,84,52,0,3,113,4,148,6,Moderate,St. Louis,IL
2020,274,91,157,21,5,0,0,197,100,56,0,6,103,15,131,19,Moderate,Chicago,IN
2020,275,154,115,6,0,0,0,126,74,49,1,11,131,5,126,1,Good,Cincinnati,IN
2020,274,91,157,21,5,0,0,197,100,56,0,6,103,15,131,19,Moderate,Elgin,IN
2020,274,203,70,1,0,0,0,143,59,44,0,4,156,0,114,0,Good,Louisville,IN
2020,274,91,157,21,5,0,0,197,100,56,0,6,103,15,131,19,Moderate,Naperville,IN
2020,214,123,87,3,1,0,0,157,74,48,1,3,90,0,108,12,Good,Kansas City,KS
2020,213,171,41,1,0,0,0,126,58,40,0,0,113,0,86,14,Good,St. Joseph,KS
2020,274,248,26,0,0,0,0,100,50,38,0,7,176,0,90,1,Good,Ashland,KY
2020,275,154,115,6,0,0,0,126,74,49,1,11,131,5,126,1,Good,Cincinnati,KY
2020,244,223,20,1,0,0,0,107,50,38,0,0,204,0,40,0,Good,Clarksville,KY
2020,275,211,59,5,0,0,0,114,71,41,1,0,181,35,58,0,Good,Evansville,KY
2020,274,248,26,0,0,0,0,100,50,38,0,7,176,0,90,1,Good,Huntington,KY
2020,275,209,62,3,1,0,0,154,62,43,1,3,175,0,96,0,Good,Providence,MA
2020,275,209,62,3,1,0,0,154,62,43,1,3,175,0,96,0,Good,Warwick,MA
2020,305,251,52,1,1,0,0,166,55,42,0,19,215,0,71,0,Good,Alexandria,MD
2020,305,251,52,1,1,0,0,166,55,42,0,19,215,0,71,0,Good,Arlington,MD
2020,305,201,99,5,0,0,0,129,67,45,0,8,172,0,125,0,Good,Camden,MD
2020,305,201,99,5,0,0,0,129,67,45,0,8,172,0,125,0,Good,Philadelphia,MD
2020,305,251,52,1,1,0,0,166,55,42,0,19,215,0,71,0,Good,Washington,MD
2020,305,201,99,5,0,0,0,129,67,45,0,8,172,0,125,0,Good,Wilmington,MD
2020,274,210,59,4,1,0,0,162,62,42,0,1,200,0,73,0,Good,Mishawaka,MI
2020,274,210,59,4,1,0,0,162,62,42,0,1,200,0,73,0,Good,South Bend,MI
2020,271,257,14,0,0,0,0,80,44,34,0,7,223,0,41,0,Good,Fargo,MN
2020,180,152,28,0,0,0,0,93,55,38,0,0,86,0,94,0,Good,La Crosse,MN
2020,180,152,28,0,0,0,0,93,55,38,0,0,86,0,94,0,Good,Onalaska,MN
2020,274,236,37,1,0,0,0,150,54,40,0,0,194,0,80,0,Good,Fayetteville,MO
2020,91,82,9,0,0,0,0,60,50,30,0,0,0,0,91,0,Good,Fort Madison,MO
2020,91,82,9,0,0,0,0,60,50,30,0,0,0,0,91,0,Good,Keokuk,MO
2020,213,189,24,0,0,0,0,84,51,39,0,0,213,0,0,0,Good,Quincy,MO
2020,274,236,37,1,0,0,0,150,54,40,0,0,194,0,80,0,Good,Rogers,MO
2020,274,236,37,1,0,0,0,150,54,40,0,0,194,0,80,0,Good,Springdale,MO
2020,274,179,92,3,0,0,0,115,64,46,0,2,132,0,140,0,Good,Memphis,MS
2020,266,256,10,0,0,0,0,100,46,28,0,0,164,102,0,0,Good,Conway,NC
2020,266,256,10,0,0,0,0,100,46,28,0,0,164,102,0,0,Good,Myrtle Beach,NC
2020,204,198,6,0,0,0,0,64,46,36,1,24,102,0,66,11,Good,Newport News,NC
2020,204,198,6,0,0,0,0,64,46,36,1,24,102,0,66,11,Good,Norfolk,NC
2020,266,256,10,0,0,0,0,100,46,28,0,0,164,102,0,0,Good,North Myrtle Beach,NC
2020,204,198,6,0,0,0,0,64,46,36,1,24,102,0,66,11,Good,Virginia Beach,NC
2020,213,185,27,1,0,0,0,141,54,38,0,0,146,0,63,4,Good,Sioux City,NE
2020,224,182,42,0,0,0,0,90,54,43,0,14,129,0,81,0,Good,Boston,NH
2020,224,182,42,0,0,0,0,90,54,43,0,14,129,0,81,0,Good,Cambridge,NH
2020,224,182,42,0,0,0,0,90,54,43,0,14,129,0,81,0,Good,Newton,NH
2020,244,206,38,0,0,0,0,93,54,39,0,4,148,0,92,0,Good,Allentown,NJ
2020,244,206,38,0,0,0,0,93,54,39,0,4,148,0,92,0,Good,Bethlehem,NJ
2020,305,201,99,5,0,0,0,129,67,45,0,8,172,0,125,0,Good,Camden,NJ
2020,244,206,38,0,0,0,0,93,54,39,0,4,148,0,92,0,Good,Easton,NJ
2020,275,175,92,8,0,0,0,140,80,46,1,26,169,1,78,0,Good,Jersey City,NJ
2020,275,175,92,8,0,0,0,140,80,46,1,26,169,1,78,0,Good,New York,NJ
2020,275,175,92,8,0,0,0,140,80,46,1,26,169,1,78,0,Good,Newark,NJ
2020,305,201,99,5,0,0,0,129,67,45,0,8,172,0,125,0,Good,Philadelphia,NJ
2020,305,201,99,5,0,0,0,129,67,45,0,8,172,0,125,0,Good,Wilmington,NJ
2020,274,248,26,0,0,0,0,100,50,38,0,7,176,0,90,1,Good,Ashland,OH
2020,274,248,26,0,0,0,0,100,50,38,0,7,176,0,90,1,Good,Huntington,OH
2020,274,247,22,5,0,0,0,116,50,13,0,0,0,274,0,0,Good,Point Pleasant,OH
2020,274,208,65,1,0,0,0,133,61,41,0,0,166,13,95,0,Good,Steubenville,OH
2020,274,208,65,1,0,0,0,133,61,41,0,0,166,13,95,0,Good,Weirton,OH
2020,274,240,33,1,0,0,0,101,52,37,0,47,184,4,37,2,Good,Wheeling,OH
2020,211,194,16,1,0,0,0,141,49,34,0,11,107,0,93,0,Good,Fort Smith,OK
2020,274,227,43,3,1,0,0,153,58,41,0,0,190,0,84,0,Good,Boardman,PA
2020,275,175,92,8,0,0,0,140,80,46,1,26,169,1,78,0,Good,Jersey City,PA
2020,275,175,92,8,0,0,0,140,80,46,1,26,169,1,78,0,Good,New York,PA
2020,275,175,92,8,0,0,0,140,80,46,1,26,169,1,78,0,Good,Newark,PA
2020,274,227,43,3,1,0,0,153,58,41,0,0,190,0,84,0,Good,Warren,PA
2020,274,227,43,3,1,0,0,153,58,41,0,0,190,0,84,0,Good,Youngstown,PA
2020,274,212,58,4,0,0,0,115,57,43,0,0,119,17,138,0,Good,Augusta,SC
2020,306,250,54,2,0,0,0,112,55,42,1,0,193,0,112,0,Good,Charlotte,SC
2020,306,250,54,2,0,0,0,112,55,42,1,0,193,0,112,0,Good,Concord,SC
2020,306,250,54,2,0,0,0,112,55,42,1,0,193,0,112,0,Good,Gastonia,SC
2020,274,212,58,4,0,0,0,115,57,43,0,0,119,17,138,0,Good,Richmond County,SC
2020,213,185,27,1,0,0,0,141,54,38,0,0,146,0,63,4,Good,Sioux City,SD
2020,305,251,52,1,1,0,0,166,55,42,0,19,215,0,71,0,Good,Alexandria,VA
2020,305,251,52,1,1,0,0,166,55,42,0,19,215,0,71,0,Good,Arlington,VA
2020,192,174,16,2,0,0,0,109,50,38,0,0,99,46,47,0,Good,Bristol,VA
2020,192,174,16,2,0,0,0,109,50,38,0,0,99,46,47,0,Good,Bristol,VA
2020,192,174,16,2,0,0,0,109,50,38,0,0,99,46,47,0,Good,Kingsport,VA
2020,305,251,52,1,1,0,0,166,55,42,0,19,215,0,71,0,Good,Washington,VA
2020,182,157,25,0,0,0,0,74,54,45,0,0,182,0,0,0,Good,Berlin,VT
2020,244,242,2,0,0,0,0,57,42,35,0,0,232,0,12,0,Good,Claremont,VT
2020,244,242,2,0,0,0,0,57,42,35,0,0,232,0,12,0,Good,Lebanon,VT
2020,244,219,22,3,0,0,0,112,52,32,0,13,163,0,68,0,Good,Hillsboro,WA
2020,274,223,43,1,5,1,1,321,57,28,0,0,0,0,274,0,Good,Lewiston,WA
2020,244,219,22,3,0,0,0,112,52,32,0,13,163,0,68,0,Good,Portland,WA
2020,244,219,22,3,0,0,0,112,52,32,0,13,163,0,68,0,Good,Vancouver,WA
2020,183,123,60,0,0,0,0,87,63,45,1,2,89,1,72,18,Good,Bloomington,WI
2020,274,91,157,21,5,0,0,197,100,56,0,6,103,15,131,19,Moderate,Chicago,WI
2020,242,222,19,1,0,0,0,104,49,38,0,1,181,0,57,3,Good,Duluth,WI
2020,274,91,157,21,5,0,0,197,100,56,0,6,103,15,131,19,Moderate,Elgin,WI
2020,183,123,60,0,0,0,0,87,63,45,1,2,89,1,72,18,Good,Minneapolis,WI
2020,274,91,157,21,5,0,0,197,100,56,0,6,103,15,131,19,Moderate,Naperville,WI
2020,183,123,60,0,0,0,0,87,63,45,1,2,89,1,72,18,Good,St. Paul,WI
2020,305,251,52,1,1,0,0,166,55,42,0,19,215,0,71,0,Good,Alexandria,WV
2020,305,251,52,1,1,0,0,166,55,42,0,19,215,0,71,0,Good,Arlington,WV
2020,156,156,0,0,0,0,0,9,3,1,0,0,0,156,0,0,Good,Cumberland,WV
2020,305,274,31,0,0,0,0,76,51,38,0,0,222,0,83,0,Good,Hagerstown,WV
2020,305,274,31,0,0,0,0,76,51,38,0,0,222,0,83,0,Good,Martinsburg,WV
2020,305,251,52,1,1,0,0,166,55,42,0,19,215,0,71,0,Good,Washington,WV
2020,232,225,7,0,0,0,0,60,44,35,0,0,191,0,41,0,Good,Winchester,WV